alpha_2_code,category_id,language,category_name,category_name_plural
AD,262,ca,parròquia,
AD,262,en,parish,parishes
AD,262,fr,paroisse,
AE,199,ar,imārah,
AE,199,en,emirate,emirates
AE,199,fr,émirat,
AF,321,en,province,provinces
AF,321,fa,wilāyat,
AF,321,fr,province,
AF,321,ps,wilāyat,
AG,298,en,dependency,dependencies
AG,298,fr,dépendance,
AG,429,en,parish,parishes
AG,429,fr,paroisse,
AL,322,en,county,counties
AL,322,fr,comté,
AL,322,sq,qark,
AM,106,en,region,regions
AM,106,fr,région,
AM,106,hy,marz,
AM,189,en,city,cities
AM,189,fr,ville,
AM,189,hy,k'aġak',
AO,155,en,province,provinces
AO,155,fr,province,
AO,155,pt,província,
AR,107,en,province,provinces
AR,107,fr,province,
AR,107,es,provincia,
AR,182,en,city,cities
AR,182,fr,ville,
AR,182,es,ciudad,
AT,392,de,Bundesland,
AT,392,en,state,states
AT,392,fr,État,
AU,324,en,territory,territories
AU,324,fr,territoire,
AU,393,en,state,states
AU,393,fr,État,
AZ,108,az,şәhәr,
AZ,108,en,municipality,municipalities
AZ,108,fr,municipalité,municipalités
AZ,325,az,rayon,
AZ,325,en,rayon,rayons
AZ,325,fr,district,
AZ,357,az,muxtar respublika,
AZ,357,en,autonomous republic,autonomous republics
AZ,357,fr,république autonome,
BA,237,bs,entitet,
BA,237,en,entity,entities
BA,237,fr,entité,
BA,237,hr,entitet,
BA,237,sr,entitet,
BA,438,bs,distrikt,
BA,438,en,district with special status,districts with special status
BA,438,fr,district,
BA,438,hr,distrikt,
BA,438,sr,distrikt,
BB,430,en,parish,parishes
BB,430,fr,paroisse,
BD,149,bn,zila,
BD,149,en,district,districts
BD,149,fr,district,
BD,274,bn,bibhag,
BD,274,en,division,divisions
BD,274,fr,division,
BE,390,de,Provinz,
BE,390,en,province,provinces
BE,390,fr,province,
BE,390,nl,provincie,
BE,391,de,Region,
BE,391,en,region,regions
BE,391,fr,région,
BE,391,nl,gewest,
BF,192,en,region,regions
BF,192,fr,région,
BF,235,en,province,provinces
BF,235,fr,province,
BG,361,bg,oblast,
BG,361,en,district,districts
BG,361,fr,district,
BH,338,ar,muḩāfaz̧ah,
BH,338,en,governorate,governorates
BH,338,fr,gouvernorat,
BI,275,en,province,provinces
BI,275,fr,province,
BI,275,rn,iprovense,
BJ,276,en,department,departments
BJ,276,fr,département,
BN,362,en,district,districts
BN,362,fr,district,
BN,362,ms,daerah,
BO,231,en,department,departments
BO,231,fr,département,
BO,231,es,departamento,
BQ,272,en,special municipality,special municipalities
BQ,272,fr,commune speciale,
BQ,272,nl,bijzondere gemeente,
BQ,272,,munisipio spesial,
BR,193,en,state,states
BR,193,fr,État,
BR,193,pt,estado,
BR,403,en,federal district,federal districts
BR,403,fr,district fédéral,
BR,403,pt,distrito federal,
BS,100,en,district,districts
BS,100,fr,district,
BS,474,en,island,islands
BS,474,fr,île,îles
BT,152,dz,dzongkhag,
BT,152,en,district,districts
BT,152,fr,district,
BW,277,en,district,districts
BW,277,fr,district,
BW,447,en,town,towns
BW,447,fr,chef-lieu,
BW,448,en,city,cities
BW,448,fr,ville,
BY,102,be,horad,
BY,102,en,city,cities
BY,102,fr,ville,
BY,102,ru,gorod,
BY,411,be,voblasts' / voblasc',
BY,411,en,oblast,oblasts
BY,411,fr,région,
BY,411,ru,oblast',
BZ,297,en,district,districts
BZ,297,fr,district,
CA,233,en,territory,territories
CA,233,fr,territoire,
CA,412,en,province,provinces
CA,412,fr,province,
CD,278,en,province,provinces
CD,278,fr,province,
CD,404,en,city,cities
CD,404,fr,ville,
CF,194,en,economic prefecture,economic prefectures
CF,194,fr,préfecture économique,
CF,194,sg,sêse tî kömändâ-kötä,
CF,339,en,prefecture,prefectures
CF,339,fr,préfecture,
CF,339,sg,sêse tî kömändâ-kötä,
CF,446,en,commune,communes
CF,446,fr,commune,
CF,446,sg,kötä gbätä,
CG,279,en,department,departments
CG,279,fr,département,départements
CH,153,de,Kanton,
CH,153,en,canton,cantons
CH,153,fr,canton,
CH,153,it,cantone,
CH,153,rm,chantun,
CI,460,en,autonomous district,autonomous districts
CI,460,fr,district autonome,
CI,461,en,district,districts
CI,461,fr,district,
CL,364,en,region,regions
CL,364,fr,région,
CL,364,es,región,
CM,130,en,region,regions
CM,130,fr,région,
CN,103,en,province,provinces
CN,103,fr,province,
CN,103,zh,sheng,
CN,195,en,autonomous region,autonomous regions
CN,195,fr,région autonome,
CN,195,zh,zizhiqu,
CN,268,en,special administrative region,special administrative regions
CN,268,fr,région administrative spéciale,
CN,268,zh,tebie xingzhengqu,
CN,397,en,municipality,municipalities
CN,397,fr,municipalité,
CN,397,zh,shi,
CO,104,en,department,departments
CO,104,fr,département,
CO,104,es,departamento,
CO,143,en,capital district,capital districts
CO,143,fr,district de la capitale,
CO,143,es,distrito capital,
CR,318,en,province,provinces
CR,318,fr,province,
CR,318,es,provincia,
CU,365,en,province,provinces
CU,365,fr,province,
CU,365,es,provincia,
CU,441,en,special municipality,special municipalities
CU,441,fr,municipalité spéciale,
CU,441,es,municipio especial,
CV,196,en,municipality,municipalities
CV,196,fr,municipalité,
CV,196,pt,concelho,
CV,313,en,geographical region,geographical regions
CV,313,fr,région géographique,
CV,313,pt,região geográfica,
CY,266,el,eparchia,
CY,266,en,district,districts
CY,266,fr,district,
CY,266,tr,kaza,
CZ,154,cs,kraj,
CZ,154,en,region,regions
CZ,154,fr,région,
CZ,197,cs,okres,
CZ,197,en,district,districts
CZ,197,fr,district,
CZ,465,cs,hlavní město,
CZ,465,en,capital city,capital cities
CZ,465,fr,ville capitale,
DE,198,de,Land,
DE,198,en,Land,Land
DE,198,fr,land,
DJ,218,ar,minţaqah,
DJ,218,en,region,regions
DJ,218,fr,région,
DJ,401,ar,madīnah,
DJ,401,en,city,cities
DJ,401,fr,ville,
DK,319,da,region,regioner
DK,319,en,region,regions
DK,319,fr,région,
DM,219,en,parish,parishes
DM,219,fr,paroisse,
DO,105,en,province,provinces
DO,105,fr,province,
DO,105,es,provincia,
DO,183,en,district,districts
DO,183,fr,district,
DO,183,es,distrito,
DO,449,en,region,regions
DO,449,fr,région,
DO,449,es,región,
DZ,366,ar,wilaya,
DZ,366,en,province,provinces
DZ,366,fr,province,
EC,320,en,province,provinces
EC,320,fr,province,
EC,320,es,provincia,
EE,407,en,county,counties
EE,407,et,maakond,
EE,407,fr,département,
EE,483,en,urban municipality,urban municipalities
EE,483,et,linn,
EE,483,fr,municipalité urbaine,
EE,484,en,rural municipality,rural municipalities
EE,484,et,vald,
EE,484,fr,municipalité rurale,
EG,316,ar,muḩāfaz̧ah,
EG,316,en,governorate,governorates
EG,316,fr,gouvernorat,
ER,317,ar,minţaqah,
ER,317,en,region,regions
ER,317,fr,région,
ER,317,ti,zoba,
ES,101,en,autonomous community,autonomous communities
ES,101,fr,communauté autonome,
ES,101,es,comunidad autónoma,
ES,180,en,autonomous city in North Africa,autonomous cities in North Africa
ES,180,fr,ville autonome en Afrique du Nord,
ES,180,es,ciudad autónoma en el Norte de África,
ES,408,en,province,provinces
ES,408,fr,province,
ES,408,es,provincia,
ET,363,am,kilil,
ET,363,en,regional state,regional states
ET,363,fr,État régional,
ET,409,am,āstedader,
ET,409,en,administration,administrations
ET,409,fr,administration,
FI,150,en,region,regions
FI,150,fi,maakunta,
FI,150,fr,région,
FI,150,sv,landskap,
FJ,353,en,dependency,dependencies
FJ,353,fr,dépendance,
FJ,410,en,division,divisions
FJ,410,fr,division,
FJ,450,en,province,provinces
FJ,450,fr,province,
FM,181,en,state,states
FM,181,fr,État,
FR,151,en,metropolitan department,metropolitan departments
FR,151,fr,département métropolitain,
FR,240,en,metropolitan region,metropolitan regions
FR,240,fr,région métropolitaine,
FR,305,en,dependency,dependencies
FR,305,fr,dépendance,
FR,368,en,overseas collectivity,overseas collectivities
FR,368,fr,collectivité d'outre-mer,
FR,475,en,metropolitan collectivity with special status,metropolitan collectivities with special status
FR,475,fr,collectivité métropolitaine à statut particulier,
FR,489,en,overseas collectivity with special status,overseas collectivities with special status 
FR,489,fr,collectivité d’outre-mer à statut particulier,
FR,490,en,overseas territory,overseas territories
FR,490,fr,territoire d'outre-mer,
FR,493,en,European collectivity,European collectivities
FR,493,fr,collectivité européenne,
FR,494,en,overseas unique territorial collectivity,overseas unique territorial collectivities
FR,494,fr,collectivité territoriale unique d'outre-mer,
FR,495,en,overseas departmental collectivity,overseas departemental collectivities
FR,495,fr,collectivité départementale d'outre-mer,
GA,394,en,province,provinces
GA,394,fr,province,
GB,112,en,council area,council areas
GB,112,fr,zone de conseil,
GB,113,en,two-tier county,two-tier counties
GB,113,fr,comté à 2 niveaux,
GB,283,en,district,districts
GB,283,fr,district,
GB,284,en,unitary authority,unitary authorities
GB,284,fr,autorité unitaire,
GB,369,en,metropolitan district,metropolitan districts
GB,369,fr,district métropolitain,
GB,370,en,London borough,London boroughs
GB,370,fr,arrondissement de Londres,
GB,402,en,city corporation,city corporations
GB,402,fr,corporation urbaine,
GB,491,en,country,countries
GB,491,fr,pays,
GB,492,en,province,provinces
GB,492,fr,province,
GD,242,en,parish,parishes
GD,242,fr,paroisse,
GD,351,en,dependency,dependencies
GD,351,fr,dépendance,
GE,201,en,region,regions
GE,201,fr,région,
GE,201,ka,mkhare,
GE,299,en,autonomous republic,autonomous republics
GE,299,fr,république autonome,
GE,299,ka,avt'onomiuri resp'ublik'a,
GE,314,en,city,cities
GE,314,fr,ville,
GE,314,ka,kalaki,
GH,114,en,region,regions
GH,114,fr,région,
GL,243,en,municipality,municipalities
GL,243,fr,commune,
GL,243,kl,kommunia,
GM,225,en,division,divisions
GM,225,fr,division,
GM,442,en,city,cities
GM,442,fr,ville,
GN,184,en,governorate,governorates
GN,184,fr,gouvernorat,
GN,346,en,administrative region,administrative regions
GN,346,fr,région administrative,
GN,415,en,prefecture,prefectures
GN,415,fr,préfecture,
GQ,244,en,province,provinces
GQ,244,fr,province,
GQ,244,pt,província,
GQ,244,es,provincia,
GQ,300,en,region,regions
GQ,300,fr,région,
GQ,300,pt,região,
GQ,300,es,región,
GR,185,el,aftonomi monastiki politeia,
GR,185,en,self-governed part,self-governed parts
GR,185,fr,partie auto-gouvernée,
GR,202,el,periféreia,
GR,202,en,administrative region,administrative regions
GR,202,fr,région administrative,
GT,372,en,department,departments
GT,372,fr,département,
GT,372,es,departamento,
GW,139,en,autonomous sector,autonomous sectors
GW,139,fr,secteur autonome,
GW,139,pt,sector autónomo,
GW,301,en,province,provinces
GW,301,fr,province,
GW,301,pt,província,
GW,416,en,region,regions
GW,416,fr,région,
GW,416,pt,região,
GY,302,en,region,regions
GY,302,fr,région,
HN,203,en,department,departments
HN,203,fr,département,
HN,203,es,departamento,
HR,115,en,county,counties
HR,115,fr,comté,
HR,115,hr,županija,
HR,347,en,city,cities
HR,347,fr,ville,
HR,347,hr,grad,
HT,116,en,department,departments
HT,116,fr,département,
HT,116,ht,depatman,
HU,204,en,county,counties
HU,204,fr,comitat,
HU,204,hu,megye,
HU,245,en,city with county rights,cities of county right
HU,245,fr,ville ayant un rang de comitat,
HU,245,hu,megyei jogú város,
HU,406,en,capital city,capital cities
HU,406,fr,ville capitale,
HU,406,hu,főváros,
ID,159,en,geographical unit,geographical units
ID,159,fr,unité géographique,
ID,205,en,province,provinces
ID,205,fr,province,
ID,205,id,provinsi,
ID,269,en,special region,special regions
ID,269,fr,région spéciale,
ID,269,id,daerah istimewa,
ID,358,en,capital district,capital districts
ID,358,fr,district de la capitale,
ID,358,id,daerah khusus ibukota,
IE,246,en,county,counties
IE,246,fr,comté,
IE,246,ga,contae,
IE,417,en,province,provinces
IE,417,fr,province,
IE,417,ga,cúige,
IL,354,en,district,districts
IL,354,fr,district,
IL,354,he,meẖoz,
IN,327,en,Union territory,Union territories
IN,327,fr,territoire de l’Union,
IN,373,en,state,states
IN,373,fr,État,
IQ,160,ar,muḩāfaz̧ah,
IQ,160,en,governorate,governorates
IQ,160,fr,gouvernorat,
IQ,496,ar,iqlīm,
IQ,496,en,region,regions
IQ,496,fr,région,
IQ,496,ku,herêm,
IR,418,en,province,provinces
IR,418,fa,ostān,
IR,418,fr,province,
IS,419,en,region,regions
IS,419,fr,région,
IS,419,is,landsvæði,
IS,485,en,municipality,municipalities
IS,485,fr,municipalité,
IS,485,is,sveitarfélagið,
IT,117,en,region,regions
IT,117,fr,région,
IT,117,it,regione,
IT,374,en,province,provinces
IT,374,fr,province,
IT,374,it,provincia,
IT,479,en,free municipal consortium,free municipal consortia
IT,479,fr,libre consortium communal,
IT,479,it,libero consorzio comunale,
IT,480,en,metropolitan city,metropolitan cities
IT,480,fr,ville métropolitaine,
IT,480,it,città metropolitana,
IT,481,en,autonomous province,autonomous provinces
IT,481,fr,province autonome,
IT,481,it,provincial autonoma,
IT,482,en,autonomous region,autonomous regions
IT,482,fr,région autonome,
IT,482,it,regione autonoma,
IT,486,en,decentralized regional entity,decentralized regional entities
IT,486,fr,entité régionale décentralisée,
IT,486,it,ente di decentramento regionale,
JM,118,en,parish,parishes
JM,118,fr,paroisse,
JO,420,ar,muḩāfaz̧ah,
JO,420,en,governorate,governorates
JO,420,fr,gouvernorat,
JP,247,en,prefecture,prefectures
JP,247,fr,département,
JP,247,ja,"to, dô, hu, ken",
KE,451,en,county,counties
KE,451,fr,comté,comtés
KG,187,en,city,cities
KG,187,fr,ville,villes
KG,187,ky,shaar,
KG,187,ru,gorod,
KG,328,en,region,regions
KG,328,fr,région,
KG,328,ky,oblus,
KG,328,ru,oblast',
KH,206,en,autonomous municipality,autonomous municipalities
KH,206,fr,municipalité autonome,
KH,342,en,province,provinces
KH,342,fr,province,
KH,342,km,khet,
KI,431,en,group of islands (20 inhabited islands),groups of islands (20 inhabited islands)
KI,431,fr,groupe d’îles (20 îles habitées),
KM,174,ar,jazīrah,
KM,174,en,island,islands
KM,174,fr,île,
KN,375,en,parish,parishes
KN,375,fr,paroisse,
KN,432,en,state,states
KN,432,fr,État,
KP,140,en,special city,special cities
KP,140,fr,ville spéciale,
KP,140,ko,si,
KP,207,en,province,provinces
KP,207,fr,province,
KP,207,ko,do,
KP,356,en,capital city,capital cities
KP,356,fr,ville capitale,
KP,356,ko,chikhalsi,
KP,473,en,metropolitan city,metropolitan cities
KP,473,fr,ville métropolitaine,
KP,473,ko,t’ŭkpyŏlsi,
KR,226,en,special city,special cities
KR,226,fr,ville spéciale,
KR,226,ko,teukbyeolsi,
KR,227,en,metropolitan city,metropolitan cities
KR,227,fr,ville métropolitaine,
KR,227,ko, gwangyeoksi,
KR,329,en,province,provinces
KR,329,fr,province,
KR,329,ko,do,
KR,452,en,special self-governing province,special self-governing provinces
KR,452,fr,province autonome spéciale,
KR,452,ko,teukbyeoljachido,
KR,453,en,special self-governing city,special self-governing cities
KR,453,fr,ville autonome spéciale,
KR,453,ko,teukbyeoljachisi,
KW,119,ar,muḩāfaz̧ah,
KW,119,en,governorate,governorates
KW,119,fr,gouvernorat,
KZ,330,en,region,regions
KZ,330,fr,région,
KZ,330,kk,oblys,
KZ,330,ru,oblast',
KZ,437,en,city,cities
KZ,437,fr,ville,
KZ,437,kk,qala,
KZ,437,ru,gorod,
LA,273,en,prefecture,prefectures
LA,273,fr,préfecture,
LA,273,lo,kampèng nakhon,
LA,285,en,province,provinces
LA,285,fr,province,
LA,285,lo,khouèng,
LB,208,ar,"mouhâfazah, muḩāfaz̧ah",
LB,208,en,governorate,governorates
LB,208,fr,gouvernorat,
LC,376,en,district,districts
LC,376,fr,district,
LI,331,de,Gemeinde,
LI,331,en,commune,communes
LI,331,fr,commune,
LK,286,en,province,provinces
LK,286,fr,province,
LK,286,si,paḷāta,
LK,286,ta,mākāṇam,
LK,421,en,district,districts
LK,421,fr,district,
LK,421,si,distrikkaya,
LK,421,ta,mavaṭṭam,
LR,377,en,county,counties
LR,377,fr,comté,
LS,209,en,district,districts
LS,209,fr,district,
LS,209,st,setereke,
LT,210,en,county,counties
LT,210,fr,région,
LT,210,lt,apskritis,
LT,454,en,city municipality,city municipalities
LT,454,fr,municipalité de la ville,
LT,454,lt,miesto savivaldybė,
LT,455,en,district municipality,district municipalities
LT,455,fr,municipalité du district,
LT,455,lt,rajono savivaldybė,
LT,456,en,municipality,municipalities
LT,456,fr,municipalité,
LT,456,lt,savivaldybė,
LU,462,de,Kanton,
LU,462,en,canton,cantons
LU,462,fr,canton,
LV,211,en,municipality,municipalities
LV,211,fr,commune,
LV,211,lv,novads,
LV,248,en,state city,state cities
LV,248,fr,ville capitale,
LV,248,lv,valstspilsētas pašvaldība,
LY,332,ar,sha‘bīyah,
LY,332,en,popularate,popularates
LY,332,fr,municipalité,
MA,161,ar,‘amālah,
MA,161,en,prefecture,prefectures
MA,161,fr,préfecture,
MA,249,ar,iqlīm,
MA,249,en,province,provinces
MA,249,fr,province,
MA,287,ar,jihāt,
MA,287,en,region,regions
MA,287,fr,région,
MC,212,en,quarter,quarters
MC,212,fr,quartier,
MD,120,en,district,districts
MD,120,fr,district,
MD,120,ro,raion,
MD,148,en,autonomous territorial unit,autonomous territorial units 
MD,148,fr,unité territoriale autonome,
MD,148,ro,unitatea teritorială autonomă,
MD,222,en,territorial unit,territorial units
MD,222,fr,unité territoriale,
MD,222,ro,unitatea teritorială,
MD,234,en,city,cities
MD,234,fr,ville,
MD,234,ro,municipiu,
ME,121,,opština,
ME,121,en,municipality,municipalities
ME,121,fr,municipalité,
MG,213,en,province,provinces
MG,213,fr,province,
MG,213,mg,faritany,
MH,162,en,chain (of islands),chains (of islands)
MH,162,fr,chaîne d’îles,
MH,378,en,municipality,municipalities
MH,378,fr,municipalité,
MH,378,mh,jukjuk,
MK,288,en,municipality,municipalities
MK,288,fr,municipalité,
MK,288,mk,opština,
ML,132,en,region,regions
ML,132,fr,région,
ML,436,en,district,districts
ML,436,fr,district,
MM,163,en,region,regions
MM,163,fr,région,
MM,163,my,taing,
MM,264,en,state,states
MM,264,fr,État,
MM,264,my,pyinè,
MM,457,en,union territory,union territories
MM,457,fr,territoire de l'Union,
MN,333,en,province,provinces
MN,333,fr,province,
MN,333,mn,aymag,
MN,360,en,capital city,capital cities
MN,360,fr,capitale,
MN,360,mn,hot,
MR,289,ar,wilaya,
MR,289,en,region,regions
MR,289,fr,région,
MT,280,en,local council,local councils
MT,280,fr,conseil local,
MT,280,mt,kunsill lokali,
MU,238,en,district,districts
MU,238,fr,district,
MU,340,en,dependency,dependencies
MU,340,fr,dépendance,
MV,326,dv,atholhu,
MV,326,en,administrative atoll,administrative atolls
MV,326,fr,atoll administratif,
MV,476,en,city,cities
MV,476,fr,ville,
MW,135,en,region,regions
MW,135,fr,région,
MW,135,ny,mchigawo,
MW,367,en,district,districts
MW,367,fr,district,
MW,367,ny,boma,
MX,239,en,state,states
MX,239,fr,État,
MX,239,es,estado,
MX,341,en,federal district,federal districts
MX,341,fr,district fédéral,
MX,341,es,distrito federal,
MY,147,en,federal territory,federal territories
MY,147,fr,territoire fédéral,
MY,147,ms,wilayah persekutuan,
MY,156,en,state,states
MY,156,fr,État,
MY,156,ms,negeri,
MZ,131,en,city,cities
MZ,131,fr,ville,
MZ,131,pt,cidade,
MZ,281,en,province,provinces
MZ,281,fr,province,
MZ,281,pt,província,
NA,157,en,region,regions
NA,157,fr,région,
NE,110,en,urban community,urban communities
NE,110,fr,communauté urbaine,
NE,282,en,region,regions
NE,282,fr,région,
NG,200,en,state,states
NG,200,fr,État,
NG,435,en,capital territory,capital territories
NG,435,fr,territoire de la capitale,
NI,111,en,department,departments
NI,111,fr,département,
NI,111,es,departamento,
NI,310,en,autonomous region,autonomous regions
NI,310,fr,région autonome,
NI,310,es,región autónoma,
NL,387,en,province,provinces
NL,387,fr,province,
NL,387,nl,provincie,
NL,398,en,country,countries
NL,398,nl,land,
NL,398,,pais,
NL,413,en,special municipality,special municipalities
NL,413,nl,bijzondere gemeente,
NL,413,,municipio special,
NO,257,en,county,counties
NO,257,fr,département,
NO,257,nn,fylke,
NO,257,nb,fylke,
NO,345,en,arctic region,arctic regions
NO,345,fr,région arctique,
NO,345,nn,arktisk område,
NO,345,nb,arktisk område,
NP,178,en,development region,development regions
NP,178,fr,région de développement,
NP,178,ne,vikas kshetra,
NP,258,en,zone,zones
NP,258,fr,zone,
NP,258,ne,anchal,
NP,477,en,province,provinces
NP,477,fr,province,
NP,477,ne,pradesh,
NR,172,en,district,districts
NR,172,fr,district,
NR,172,na,distric,
NZ,388,en,region,regions
NZ,388,fr,région,
NZ,388,mi,rohe,
NZ,440,en,special island authority,special island authorities 
NZ,440,fr,territoire insulaire,
OM,399,ar,muḩāfaz̧ah,
OM,399,en,governorate,governorates
OM,399,fr,gouvernorat,
PA,232,en,indigenous region,indigenous regions
PA,232,fr,région indigène,
PA,232,es,comarca indígena,
PA,389,en,province,provinces
PA,389,fr,province,
PA,389,es,provincia,
PE,127,ay,jach'a suyu,
PE,127,en,region,regions
PE,127,fr,région,
PE,127,qu,suyu,
PE,127,es,región,
PE,190,ay,hatun llaqta,
PE,190,en,municipality,municipalities
PE,190,fr,municipalité,
PE,190,qu,llaqta suyu,
PE,190,es,municipalidad,
PG,137,en,district,districts
PG,137,fr,district,
PG,137,,distrik,
PG,173,en,province,provinces
PG,173,fr,province,
PG,173,,provins,
PG,186,en,autonomous region,autonomous regions
PG,186,fr,région autonome,
PH,128,en,region,regions
PH,128,fr,région,
PH,128,tl,rehiyon,
PH,260,en,province,provinces
PH,260,fr,province,
PH,260,tl,lalawigan,
PK,138,en,Pakistan administered area,Pakistan administered areas
PK,138,fr,zone administrée par le Pakistan,
PK,138,ur,Pakistan kay zair-i-intezam ilaqay,
PK,191,en,federal capital territory,federal capital territories
PK,191,fr,territoire de la capitale fédérale,
PK,191,ur,wafāqī dār al ḩikūmat ‘alāqah,
PK,261,en,province,provinces
PK,261,fr,province,
PK,261,ur,sūbah,
PL,217,en,voivodship,voivodships
PL,217,fr,voïvodie,
PL,217,pl,województwo,
PS,349,ar,muḩāfaz̧ah,
PS,349,en,governorate,governorates
PS,349,fr,gouvernorat,
PT,270,en,autonomous region,autonomous regions
PT,270,fr,région autonome,
PT,270,pt,região autónoma,
PT,304,en,district,districts
PT,304,fr,district,
PT,304,pt,distrito,
PW,129,en,state,states
PW,129,fr,État,
PY,295,en,department,departments
PY,295,fr,département,
PY,295,es,departamento,
PY,350,en,capital,capitals
PY,350,fr,capitale,
PY,350,es,capital,
QA,179,ar,baladīyah,
QA,179,en,municipality,municipalities
QA,179,fr,municipalité,
RO,296,en,department,departments
RO,296,fr,département,
RO,296,ro,judeţ,
RO,308,en,municipality,municipalities
RO,308,fr,municipalité,
RO,308,ro,municipiu,
RS,224,en,autonomous province,autonomous provinces
RS,224,fr,province autonome,
RS,224,sr,autonomna pokrajina,
RS,271,en,city,cities
RS,271,fr,ville,
RS,271,sr,grad,
RS,337,en,district,districts
RS,337,fr,district,
RS,337,sr,okrug,
RU,290,en,administrative region,administrative regions
RU,290,fr,région administrative,
RU,290,ru,oblast',
RU,309,en,autonomous district,autonomous districts
RU,309,fr,district autonome,
RU,309,ru,avtonomnyy okrug,
RU,311,en,autonomous city,autonomous cities
RU,311,fr,ville autonome,
RU,311,ru,avtonomnyy gorod,
RU,355,en,autonomous region,autonomous regions
RU,355,fr,région autonome,
RU,355,ru,avtonomnaya oblast',
RU,396,en,administrative territory,administrative territories
RU,396,fr,territoire administratif,
RU,396,ru,kray,
RU,433,en,republic,republics
RU,433,fr,république,
RU,433,ru,respublika,
RW,267,en,city,cities
RW,267,fr,ville,
RW,267,rw,umujyi,
RW,343,en,province,provinces
RW,343,fr,province,
RW,343,rw,intara,
SA,214,ar,minţaqah,
SA,214,en,region,regions
SA,214,fr,région,régions
SB,122,en,province,provinces
SB,122,fr,province,
SB,229,en,capital territory,capital territories
SB,229,fr,territoire de la capitale,
SC,164,,distrik,
SC,164,en,district,districts
SC,164,fr,district,
SD,395,ar,wilayah,
SD,395,en,state,states
SD,395,fr,État,
SE,422,en,county,counties
SE,422,fr,département,
SE,422,sv,län,
SG,215,en,district,districts
SG,215,fr,district,
SH,230,en,geographical entity,geographical entities
SH,230,fr,entité géographique,
SI,423,en,municipality,municipalities
SI,423,fr,municipalité,
SI,423,sl,občina,
SK,250,en,region,regions
SK,250,fr,région,
SK,250,sk,kraj,
SL,359,en,area,areas
SL,359,fr,zone,
SL,424,en,province,provinces
SL,424,fr,province,
SM,165,en,municipality,municipalities
SM,165,fr,municipalité,
SM,165,it,castello,
SN,175,en,region,regions
SN,175,fr,région,
SO,303,en,region,regions
SO,303,fr,région,
SO,303,so,gobol,
SR,123,en,district,districts
SR,123,fr,district,
SR,123,nl,distrikt,
SS,306,en,state,states
SS,306,fr,État,
ST,133,en,autonomous region,autonomous regions
ST,133,fr,région autonome,
ST,133,pt,região autónoma,
ST,487,en,district,districts
ST,487,fr,district,
ST,487,pt,distrito,
SV,379,en,department,departments
SV,379,fr,département,
SV,379,es,departamento,
SY,251,ar,muḩāfaz̧ah,
SY,251,en,province,provinces
SY,251,fr,gouvernorat,
SZ,166,en,region,regions
SZ,166,fr,région,régions
TD,380,ar,wilāyah,
TD,380,en,province,provinces
TD,380,fr,province,
TG,252,en,region,regions
TG,252,fr,région,
TH,134,en,metropolitan administration,metropolitan administrations
TH,134,fr,administration métropolitaine,
TH,291,en,province,provinces
TH,291,fr,province,
TH,291,th,changwat,
TH,348,en,special administrative city,special administrative cities
TH,348,fr,ville administrative spéciale,
TJ,145,en,region,regions
TJ,145,fr,région,
TJ,145,tg,viloyat,
TJ,315,en,autonomous region,autonomous regions
TJ,315,fr,région autonome,
TJ,315,tg,viloyati mukhtor,
TJ,458,en,capital territory,capital territories
TJ,458,fr,territoire de la capitale,
TJ,458,tg,viloyati poytakht,
TJ,472,en,districts under republic administration,districts under republic administration 
TJ,472,fr,Districts sous l'administration de la République,
TJ,472,tg,nohiyahoi tobei jumhurí,
TL,253,en,municipality,municipalities
TL,253,fr,commune,communes
TL,253,pt,município,
TL,253,,munisípiu,
TL,478,en,special administrative region,special administrative regions
TL,478,fr,région administrative spéciale,
TL,478,pt,região administrativa especial,
TL,478,,rejiaun administrativa espesiál,
TM,292,en,city,cities
TM,292,fr,ville,
TM,292,tk,şäher,
TM,425,en,region,regions
TM,425,fr,région,
TM,425,tk,welaýat,
TN,124,ar,wilaya,
TN,124,en,governorate,governorates
TN,124,fr,gouvernorat,
TO,381,en,division,divisions
TO,381,fr,division,
TR,426,en,province,provinces
TR,426,fr,département,
TR,426,tr,il,
TT,167,en,borough,boroughs
TT,167,fr,arrondissement,
TT,176,en,region,regions
TT,176,fr,région,
TT,463,en,ward,wards
TT,463,fr,circonscription,
TT,488,en,city,cities
TT,488,fr,ville,
TV,177,en,island council,island councils
TV,177,fr,conseil insulaire,
TV,307,en,town council,town councils
TV,307,fr,conseil urbain,
TW,136,en,city,cities
TW,136,fr,ville,
TW,136,zh,shih,
TW,223,en,special municipality,special municipalities
TW,223,fr,municipalité spéciale,
TW,223,zh,chih-hsia-shih,
TW,344,en,county,counties
TW,344,fr,comté,
TW,344,zh,hsien,
TZ,427,en,region,regions
TZ,427,fr,région,
TZ,427,sw,mkoa,
UA,382,en,city,cities
UA,382,fr,ville,
UA,382,uk,misto,
UA,383,en,region,regions
UA,383,fr,région,
UA,383,uk,oblast',
UA,400,en,republic,republics
UA,400,fr,république,
UA,400,uk,respublika,
UG,254,en,geographical region,geographical regions
UG,254,fr,région géographique,
UG,334,en,district,districts
UG,334,fr,district,
UG,459,en,city,cities
UG,459,fr,ville,
UM,255,en,"islands, groups of islands","islands, groups of islands"
UM,255,fr,"île, groupe d’îles",
US,141,en,district,districts
US,141,fr,district fédéral,
US,265,en,outlying area,outlying areas
US,265,fr,zone éloignée,
US,335,en,state,states
US,335,fr,État,
UY,125,en,department,departments
UY,125,fr,département,
UY,125,es,departamento,
UZ,216,en,region,regions
UZ,216,fr,région,
UZ,216,uz,viloyat,
UZ,293,en,republic,republics
UZ,293,fr,république,
UZ,293,uz,respublikasi,
UZ,445,en,city,cities
UZ,445,fr,ville,
UZ,445,uz,shahar,
VC,384,en,parish,parishes
VC,384,fr,paroisse,
VE,256,en,state,states
VE,256,fr,État,
VE,256,es,estado,
VE,312,en,federal dependency,Federal dependencies
VE,312,fr,dépendance fédérale,
VE,312,es,dependencia federal,
VE,385,en,capital district,capital districts
VE,385,fr,district de la capitale,
VE,385,es,distrito capital,
VN,126,en,province,provinces
VN,126,fr,province,
VN,126,vi,tinh,
VN,294,en,municipality,municipalities
VN,294,fr,municipalité,
VN,294,vi,thanh pho,
VU,170,en,province,provinces
VU,170,fr,province,
WF,464,en,administrative precinct,administrative precincts
WF,464,fr,circonscription,
WS,171,en,district,districts
WS,171,fr,district,
YE,142,en,municipality,municipalities
YE,142,fr,municipalité,
YE,386,ar,muḩāfaz̧ah,
YE,386,en,governorate,governorates
YE,386,fr,gouvernorat,
ZA,428,af,provinsie,
ZA,428,en,province,provinces
ZA,428,fr,province,
ZA,428,nr,iProvinsi,
ZA,428,,profense,
ZA,428,st,provense,
ZA,428,ss,fundzeni,
ZA,428,tn,porofense,
ZA,428,ts,fundzankulu,
ZA,428,ve,vundu,
ZA,428,xh,phondo,
ZA,428,zu,fundazwe,
ZM,168,en,province,provinces
ZM,168,fr,province,
ZW,169,en,province,provinces
ZW,169,fr,province,
