alpha_2_code,subdivision_category_id,subdivision_code
AD,262,AD-02
AD,262,AD-03
AD,262,AD-04
AD,262,AD-05
AD,262,AD-06
AD,262,AD-07
AD,262,AD-08
AE,199,AE-AJ
AE,199,AE-AZ
AE,199,AE-DU
AE,199,AE-FU
AE,199,AE-RK
AE,199,AE-SH
AE,199,AE-UQ
AF,321,AF-BAL
AF,321,AF-BAM
AF,321,AF-BDG
AF,321,AF-BDS
AF,321,AF-BGL
AF,321,AF-DAY
AF,321,AF-FRA
AF,321,AF-FYB
AF,321,AF-GHA
AF,321,AF-GHO
AF,321,AF-HEL
AF,321,AF-HER
AF,321,AF-JOW
AF,321,AF-KAB
AF,321,AF-KAN
AF,321,AF-KAP
AF,321,AF-KDZ
AF,321,AF-KHO
AF,321,AF-KNR
AF,321,AF-LAG
AF,321,AF-LOG
AF,321,AF-NAN
AF,321,AF-NIM
AF,321,AF-NUR
AF,321,AF-PAN
AF,321,AF-PAR
AF,321,AF-PIA
AF,321,AF-PKA
AF,321,AF-SAM
AF,321,AF-SAR
AF,321,AF-TAK
AF,321,AF-URU
AF,321,AF-WAR
AF,321,AF-ZAB
AG,298,AG-10
AG,298,AG-11
AG,429,AG-03
AG,429,AG-04
AG,429,AG-05
AG,429,AG-06
AG,429,AG-07
AG,429,AG-08
AL,322,AL-01
AL,322,AL-02
AL,322,AL-03
AL,322,AL-04
AL,322,AL-05
AL,322,AL-06
AL,322,AL-07
AL,322,AL-08
AL,322,AL-09
AL,322,AL-10
AL,322,AL-11
AL,322,AL-12
AM,106,AM-AG
AM,106,AM-AR
AM,106,AM-AV
AM,106,AM-GR
AM,106,AM-KT
AM,106,AM-LO
AM,106,AM-SH
AM,106,AM-SU
AM,106,AM-TV
AM,106,AM-VD
AM,189,AM-ER
AO,155,AO-BGO
AO,155,AO-BGU
AO,155,AO-BIE
AO,155,AO-CAB
AO,155,AO-CCU
AO,155,AO-CNN
AO,155,AO-CNO
AO,155,AO-CUS
AO,155,AO-HUA
AO,155,AO-HUI
AO,155,AO-LNO
AO,155,AO-LSU
AO,155,AO-LUA
AO,155,AO-MAL
AO,155,AO-MOX
AO,155,AO-NAM
AO,155,AO-UIG
AO,155,AO-ZAI
AR,107,AR-A
AR,107,AR-B
AR,107,AR-D
AR,107,AR-E
AR,107,AR-F
AR,107,AR-G
AR,107,AR-H
AR,107,AR-J
AR,107,AR-K
AR,107,AR-L
AR,107,AR-M
AR,107,AR-N
AR,107,AR-P
AR,107,AR-Q
AR,107,AR-R
AR,107,AR-S
AR,107,AR-T
AR,107,AR-U
AR,107,AR-V
AR,107,AR-W
AR,107,AR-X
AR,107,AR-Y
AR,107,AR-Z
AR,182,AR-C
AT,392,AT-1
AT,392,AT-2
AT,392,AT-3
AT,392,AT-4
AT,392,AT-5
AT,392,AT-6
AT,392,AT-7
AT,392,AT-8
AT,392,AT-9
AU,324,AU-ACT
AU,324,AU-NT
AU,393,AU-NSW
AU,393,AU-QLD
AU,393,AU-SA
AU,393,AU-TAS
AU,393,AU-VIC
AU,393,AU-WA
AZ,108,AZ-BA
AZ,108,AZ-GA
AZ,108,AZ-LA
AZ,108,AZ-MI
AZ,108,AZ-NA
AZ,108,AZ-SA
AZ,108,AZ-SM
AZ,108,AZ-SR
AZ,108,AZ-XA
AZ,108,AZ-YE
AZ,325,AZ-ABS
AZ,325,AZ-AGA
AZ,325,AZ-AGC
AZ,325,AZ-AGM
AZ,325,AZ-AGS
AZ,325,AZ-AGU
AZ,325,AZ-AST
AZ,325,AZ-BAL
AZ,325,AZ-BAR
AZ,325,AZ-BEY
AZ,325,AZ-BIL
AZ,325,AZ-CAB
AZ,325,AZ-CAL
AZ,325,AZ-DAS
AZ,325,AZ-FUZ
AZ,325,AZ-GAD
AZ,325,AZ-GOR
AZ,325,AZ-GOY
AZ,325,AZ-GYG
AZ,325,AZ-HAC
AZ,325,AZ-IMI
AZ,325,AZ-ISM
AZ,325,AZ-KAL
AZ,325,AZ-KUR
AZ,325,AZ-LAC
AZ,325,AZ-LAN
AZ,325,AZ-LER
AZ,325,AZ-MAS
AZ,325,AZ-NEF
AZ,325,AZ-OGU
AZ,325,AZ-QAB
AZ,325,AZ-QAX
AZ,325,AZ-QAZ
AZ,325,AZ-QBA
AZ,325,AZ-QBI
AZ,325,AZ-QOB
AZ,325,AZ-QUS
AZ,325,AZ-SAB
AZ,325,AZ-SAK
AZ,325,AZ-SAL
AZ,325,AZ-SAT
AZ,325,AZ-SBN
AZ,325,AZ-SIY
AZ,325,AZ-SKR
AZ,325,AZ-SMI
AZ,325,AZ-SMX
AZ,325,AZ-SUS
AZ,325,AZ-TAR
AZ,325,AZ-TOV
AZ,325,AZ-UCA
AZ,325,AZ-XAC
AZ,325,AZ-XCI
AZ,325,AZ-XIZ
AZ,325,AZ-XVD
AZ,325,AZ-YAR
AZ,325,AZ-YEV
AZ,325,AZ-ZAN
AZ,325,AZ-ZAQ
AZ,325,AZ-ZAR
AZ,357,AZ-NX
AZ,108,AZ-NV
AZ,325,AZ-BAB
AZ,325,AZ-CUL
AZ,325,AZ-KAN
AZ,325,AZ-ORD
AZ,325,AZ-SAD
AZ,325,AZ-SAH
AZ,325,AZ-SAR
BA,237,BA-BIH
BA,237,BA-SRP
BA,438,BA-BRC
BB,430,BB-01
BB,430,BB-02
BB,430,BB-03
BB,430,BB-04
BB,430,BB-05
BB,430,BB-06
BB,430,BB-07
BB,430,BB-08
BB,430,BB-09
BB,430,BB-10
BB,430,BB-11
BD,274,BD-A
BD,149,BD-02
BD,149,BD-06
BD,149,BD-07
BD,149,BD-25
BD,149,BD-50
BD,149,BD-51
BD,274,BD-B
BD,149,BD-01
BD,149,BD-04
BD,149,BD-08
BD,149,BD-09
BD,149,BD-10
BD,149,BD-11
BD,149,BD-16
BD,149,BD-29
BD,149,BD-31
BD,149,BD-47
BD,149,BD-56
BD,274,BD-C
BD,149,BD-13
BD,149,BD-15
BD,149,BD-17
BD,149,BD-18
BD,149,BD-26
BD,149,BD-33
BD,149,BD-35
BD,149,BD-36
BD,149,BD-40
BD,149,BD-42
BD,149,BD-53
BD,149,BD-62
BD,149,BD-63
BD,274,BD-D
BD,149,BD-05
BD,149,BD-12
BD,149,BD-22
BD,149,BD-23
BD,149,BD-27
BD,149,BD-30
BD,149,BD-37
BD,149,BD-39
BD,149,BD-43
BD,149,BD-58
BD,274,BD-E
BD,149,BD-03
BD,149,BD-24
BD,149,BD-44
BD,149,BD-45
BD,149,BD-48
BD,149,BD-49
BD,149,BD-54
BD,149,BD-59
BD,274,BD-F
BD,149,BD-14
BD,149,BD-19
BD,149,BD-28
BD,149,BD-32
BD,149,BD-46
BD,149,BD-52
BD,149,BD-55
BD,149,BD-64
BD,274,BD-G
BD,149,BD-20
BD,149,BD-38
BD,149,BD-60
BD,149,BD-61
BD,274,BD-H
BD,149,BD-21
BD,149,BD-34
BD,149,BD-41
BD,149,BD-57
BE,391,BE-BRU
BE,391,BE-VLG
BE,390,BE-VAN
BE,390,BE-VBR
BE,390,BE-VLI
BE,390,BE-VOV
BE,390,BE-VWV
BE,391,BE-WAL
BE,390,BE-WBR
BE,390,BE-WHT
BE,390,BE-WLG
BE,390,BE-WLX
BE,390,BE-WNA
BF,192,BF-01
BF,235,BF-BAL
BF,235,BF-BAN
BF,235,BF-KOS
BF,235,BF-MOU
BF,235,BF-NAY
BF,235,BF-SOR
BF,192,BF-02
BF,235,BF-COM
BF,235,BF-LER
BF,192,BF-03
BF,235,BF-KAD
BF,192,BF-04
BF,235,BF-BLG
BF,235,BF-KOP
BF,235,BF-KOT
BF,192,BF-05
BF,235,BF-BAM
BF,235,BF-NAM
BF,235,BF-SMT
BF,192,BF-06
BF,235,BF-BLK
BF,235,BF-SIS
BF,235,BF-SNG
BF,235,BF-ZIR
BF,192,BF-07
BF,235,BF-BAZ
BF,235,BF-NAO
BF,235,BF-ZOU
BF,192,BF-08
BF,235,BF-GNA
BF,235,BF-GOU
BF,235,BF-KMD
BF,235,BF-KMP
BF,235,BF-TAP
BF,192,BF-09
BF,235,BF-HOU
BF,235,BF-KEN
BF,235,BF-TUI
BF,192,BF-10
BF,235,BF-LOR
BF,235,BF-PAS
BF,235,BF-YAT
BF,235,BF-ZON
BF,192,BF-11
BF,235,BF-GAN
BF,235,BF-KOW
BF,235,BF-OUB
BF,192,BF-12
BF,235,BF-OUD
BF,235,BF-SEN
BF,235,BF-SOM
BF,235,BF-YAG
BF,192,BF-13
BF,235,BF-BGR
BF,235,BF-IOB
BF,235,BF-NOU
BF,235,BF-PON
BG,361,BG-01
BG,361,BG-02
BG,361,BG-03
BG,361,BG-04
BG,361,BG-05
BG,361,BG-06
BG,361,BG-07
BG,361,BG-08
BG,361,BG-09
BG,361,BG-10
BG,361,BG-11
BG,361,BG-12
BG,361,BG-13
BG,361,BG-14
BG,361,BG-15
BG,361,BG-16
BG,361,BG-17
BG,361,BG-18
BG,361,BG-19
BG,361,BG-20
BG,361,BG-21
BG,361,BG-22
BG,361,BG-23
BG,361,BG-24
BG,361,BG-25
BG,361,BG-26
BG,361,BG-27
BG,361,BG-28
BH,338,BH-13
BH,338,BH-14
BH,338,BH-15
BH,338,BH-17
BI,275,BI-BB
BI,275,BI-BL
BI,275,BI-BM
BI,275,BI-BR
BI,275,BI-CA
BI,275,BI-CI
BI,275,BI-GI
BI,275,BI-KI
BI,275,BI-KR
BI,275,BI-KY
BI,275,BI-MA
BI,275,BI-MU
BI,275,BI-MW
BI,275,BI-MY
BI,275,BI-NG
BI,275,BI-RM
BI,275,BI-RT
BI,275,BI-RY
BJ,276,BJ-AK
BJ,276,BJ-AL
BJ,276,BJ-AQ
BJ,276,BJ-BO
BJ,276,BJ-CO
BJ,276,BJ-DO
BJ,276,BJ-KO
BJ,276,BJ-LI
BJ,276,BJ-MO
BJ,276,BJ-OU
BJ,276,BJ-PL
BJ,276,BJ-ZO
BN,362,BN-BE
BN,362,BN-BM
BN,362,BN-TE
BN,362,BN-TU
BO,231,BO-B
BO,231,BO-C
BO,231,BO-H
BO,231,BO-L
BO,231,BO-N
BO,231,BO-O
BO,231,BO-P
BO,231,BO-S
BO,231,BO-T
BQ,272,BQ-BO
BQ,272,BQ-SA
BQ,272,BQ-SE
BR,193,BR-AC
BR,193,BR-AL
BR,193,BR-AM
BR,193,BR-AP
BR,193,BR-BA
BR,193,BR-CE
BR,193,BR-ES
BR,193,BR-GO
BR,193,BR-MA
BR,193,BR-MG
BR,193,BR-MS
BR,193,BR-MT
BR,193,BR-PA
BR,193,BR-PB
BR,193,BR-PE
BR,193,BR-PI
BR,193,BR-PR
BR,193,BR-RJ
BR,193,BR-RN
BR,193,BR-RO
BR,193,BR-RR
BR,193,BR-RS
BR,193,BR-SC
BR,193,BR-SE
BR,193,BR-SP
BR,193,BR-TO
BR,403,BR-DF
BS,100,BS-AK
BS,100,BS-BI
BS,100,BS-BP
BS,100,BS-BY
BS,100,BS-CE
BS,100,BS-CI
BS,100,BS-CK
BS,100,BS-CO
BS,100,BS-CS
BS,100,BS-EG
BS,100,BS-EX
BS,100,BS-FP
BS,100,BS-GC
BS,100,BS-HI
BS,100,BS-HT
BS,100,BS-IN
BS,100,BS-LI
BS,100,BS-MC
BS,100,BS-MG
BS,100,BS-MI
BS,100,BS-NE
BS,100,BS-NO
BS,100,BS-NS
BS,100,BS-RC
BS,100,BS-RI
BS,100,BS-SA
BS,100,BS-SE
BS,100,BS-SO
BS,100,BS-SS
BS,100,BS-SW
BS,100,BS-WG
BS,474,BS-NP
BT,152,BT-11
BT,152,BT-12
BT,152,BT-13
BT,152,BT-14
BT,152,BT-15
BT,152,BT-21
BT,152,BT-22
BT,152,BT-23
BT,152,BT-24
BT,152,BT-31
BT,152,BT-32
BT,152,BT-33
BT,152,BT-34
BT,152,BT-41
BT,152,BT-42
BT,152,BT-43
BT,152,BT-44
BT,152,BT-45
BT,152,BT-GA
BT,152,BT-TY
BW,277,BW-CE
BW,277,BW-CH
BW,277,BW-GH
BW,277,BW-KG
BW,277,BW-KL
BW,277,BW-KW
BW,277,BW-NE
BW,277,BW-NW
BW,277,BW-SE
BW,277,BW-SO
BW,447,BW-JW
BW,447,BW-LO
BW,447,BW-SP
BW,447,BW-ST
BW,448,BW-FR
BW,448,BW-GA
BY,102,BY-HM
BY,411,BY-BR
BY,411,BY-HO
BY,411,BY-HR
BY,411,BY-MA
BY,411,BY-MI
BY,411,BY-VI
BZ,297,BZ-BZ
BZ,297,BZ-CY
BZ,297,BZ-CZL
BZ,297,BZ-OW
BZ,297,BZ-SC
BZ,297,BZ-TOL
CA,233,CA-NT
CA,233,CA-NU
CA,233,CA-YT
CA,412,CA-AB
CA,412,CA-BC
CA,412,CA-MB
CA,412,CA-NB
CA,412,CA-NL
CA,412,CA-NS
CA,412,CA-ON
CA,412,CA-PE
CA,412,CA-QC
CA,412,CA-SK
CD,278,CD-BC
CD,278,CD-BU
CD,278,CD-EQ
CD,278,CD-HK
CD,278,CD-HL
CD,278,CD-HU
CD,278,CD-IT
CD,278,CD-KC
CD,278,CD-KE
CD,278,CD-KG
CD,278,CD-KL
CD,278,CD-KS
CD,278,CD-LO
CD,278,CD-LU
CD,278,CD-MA
CD,278,CD-MN
CD,278,CD-MO
CD,278,CD-NK
CD,278,CD-NU
CD,278,CD-SA
CD,278,CD-SK
CD,278,CD-SU
CD,278,CD-TA
CD,278,CD-TO
CD,278,CD-TU
CD,404,CD-KN
CF,194,CF-KB
CF,194,CF-SE
CF,339,CF-AC
CF,339,CF-BB
CF,339,CF-BK
CF,339,CF-HK
CF,339,CF-HM
CF,339,CF-HS
CF,339,CF-KG
CF,339,CF-LB
CF,339,CF-MB
CF,339,CF-MP
CF,339,CF-NM
CF,339,CF-OP
CF,339,CF-UK
CF,339,CF-VK
CF,446,CF-BGF
CG,279,CG-11
CG,279,CG-12
CG,279,CG-13
CG,279,CG-14
CG,279,CG-15
CG,279,CG-16
CG,279,CG-2
CG,279,CG-5
CG,279,CG-7
CG,279,CG-8
CG,279,CG-9
CG,279,CG-BZV
CH,153,CH-AG
CH,153,CH-AI
CH,153,CH-AR
CH,153,CH-BE
CH,153,CH-BL
CH,153,CH-BS
CH,153,CH-FR
CH,153,CH-GE
CH,153,CH-GL
CH,153,CH-GR
CH,153,CH-JU
CH,153,CH-LU
CH,153,CH-NE
CH,153,CH-NW
CH,153,CH-OW
CH,153,CH-SG
CH,153,CH-SH
CH,153,CH-SO
CH,153,CH-SZ
CH,153,CH-TG
CH,153,CH-TI
CH,153,CH-UR
CH,153,CH-VD
CH,153,CH-VS
CH,153,CH-ZG
CH,153,CH-ZH
CI,460,CI-AB
CI,460,CI-YM
CI,461,CI-BS
CI,461,CI-CM
CI,461,CI-DN
CI,461,CI-GD
CI,461,CI-LC
CI,461,CI-LG
CI,461,CI-MG
CI,461,CI-SM
CI,461,CI-SV
CI,461,CI-VB
CI,461,CI-WR
CI,461,CI-ZZ
CL,364,CL-AI
CL,364,CL-AN
CL,364,CL-AP
CL,364,CL-AR
CL,364,CL-AT
CL,364,CL-BI
CL,364,CL-CO
CL,364,CL-LI
CL,364,CL-LL
CL,364,CL-LR
CL,364,CL-MA
CL,364,CL-ML
CL,364,CL-NB
CL,364,CL-RM
CL,364,CL-TA
CL,364,CL-VS
CM,130,CM-AD
CM,130,CM-CE
CM,130,CM-EN
CM,130,CM-ES
CM,130,CM-LT
CM,130,CM-NO
CM,130,CM-NW
CM,130,CM-OU
CM,130,CM-SU
CM,130,CM-SW
CN,103,CN-AH
CN,103,CN-FJ
CN,103,CN-GD
CN,103,CN-GS
CN,103,CN-GZ
CN,103,CN-HA
CN,103,CN-HB
CN,103,CN-HE
CN,103,CN-HI
CN,103,CN-HL
CN,103,CN-HN
CN,103,CN-JL
CN,103,CN-JS
CN,103,CN-JX
CN,103,CN-LN
CN,103,CN-QH
CN,103,CN-SC
CN,103,CN-SD
CN,103,CN-SN
CN,103,CN-SX
CN,103,CN-TW
CN,103,CN-YN
CN,103,CN-ZJ
CN,195,CN-GX
CN,195,CN-NM
CN,195,CN-NX
CN,195,CN-XJ
CN,195,CN-XZ
CN,268,CN-HK
CN,268,CN-MO
CN,397,CN-BJ
CN,397,CN-CQ
CN,397,CN-SH
CN,397,CN-TJ
CO,104,CO-AMA
CO,104,CO-ANT
CO,104,CO-ARA
CO,104,CO-ATL
CO,104,CO-BOL
CO,104,CO-BOY
CO,104,CO-CAL
CO,104,CO-CAQ
CO,104,CO-CAS
CO,104,CO-CAU
CO,104,CO-CES
CO,104,CO-CHO
CO,104,CO-COR
CO,104,CO-CUN
CO,104,CO-GUA
CO,104,CO-GUV
CO,104,CO-HUI
CO,104,CO-LAG
CO,104,CO-MAG
CO,104,CO-MET
CO,104,CO-NAR
CO,104,CO-NSA
CO,104,CO-PUT
CO,104,CO-QUI
CO,104,CO-RIS
CO,104,CO-SAN
CO,104,CO-SAP
CO,104,CO-SUC
CO,104,CO-TOL
CO,104,CO-VAC
CO,104,CO-VAU
CO,104,CO-VID
CO,143,CO-DC
CR,318,CR-A
CR,318,CR-C
CR,318,CR-G
CR,318,CR-H
CR,318,CR-L
CR,318,CR-P
CR,318,CR-SJ
CU,365,CU-01
CU,365,CU-03
CU,365,CU-04
CU,365,CU-05
CU,365,CU-06
CU,365,CU-07
CU,365,CU-08
CU,365,CU-09
CU,365,CU-10
CU,365,CU-11
CU,365,CU-12
CU,365,CU-13
CU,365,CU-14
CU,365,CU-15
CU,365,CU-16
CU,441,CU-99
CV,313,CV-B
CV,196,CV-BV
CV,196,CV-PA
CV,196,CV-PN
CV,196,CV-RB
CV,196,CV-RG
CV,196,CV-SL
CV,196,CV-SV
CV,196,CV-TS
CV,313,CV-S
CV,196,CV-BR
CV,196,CV-CA
CV,196,CV-CF
CV,196,CV-CR
CV,196,CV-MA
CV,196,CV-MO
CV,196,CV-PR
CV,196,CV-RS
CV,196,CV-SD
CV,196,CV-SF
CV,196,CV-SM
CV,196,CV-SO
CV,196,CV-SS
CV,196,CV-TA
CY,266,CY-01
CY,266,CY-02
CY,266,CY-03
CY,266,CY-04
CY,266,CY-05
CY,266,CY-06
CZ,154,CZ-20
CZ,197,CZ-201
CZ,197,CZ-202
CZ,197,CZ-203
CZ,197,CZ-204
CZ,197,CZ-205
CZ,197,CZ-206
CZ,197,CZ-207
CZ,197,CZ-208
CZ,197,CZ-209
CZ,197,CZ-20A
CZ,197,CZ-20B
CZ,197,CZ-20C
CZ,154,CZ-31
CZ,197,CZ-311
CZ,197,CZ-312
CZ,197,CZ-313
CZ,197,CZ-314
CZ,197,CZ-315
CZ,197,CZ-316
CZ,197,CZ-317
CZ,154,CZ-32
CZ,197,CZ-321
CZ,197,CZ-322
CZ,197,CZ-323
CZ,197,CZ-324
CZ,197,CZ-325
CZ,197,CZ-326
CZ,197,CZ-327
CZ,154,CZ-41
CZ,197,CZ-411
CZ,197,CZ-412
CZ,197,CZ-413
CZ,154,CZ-42
CZ,197,CZ-421
CZ,197,CZ-422
CZ,197,CZ-423
CZ,197,CZ-424
CZ,197,CZ-425
CZ,197,CZ-426
CZ,197,CZ-427
CZ,154,CZ-51
CZ,197,CZ-511
CZ,197,CZ-512
CZ,197,CZ-513
CZ,197,CZ-514
CZ,154,CZ-52
CZ,197,CZ-521
CZ,197,CZ-522
CZ,197,CZ-523
CZ,197,CZ-524
CZ,197,CZ-525
CZ,154,CZ-53
CZ,197,CZ-531
CZ,197,CZ-532
CZ,197,CZ-533
CZ,197,CZ-534
CZ,154,CZ-63
CZ,197,CZ-631
CZ,197,CZ-632
CZ,197,CZ-633
CZ,197,CZ-634
CZ,197,CZ-635
CZ,154,CZ-64
CZ,197,CZ-641
CZ,197,CZ-642
CZ,197,CZ-643
CZ,197,CZ-644
CZ,197,CZ-645
CZ,197,CZ-646
CZ,197,CZ-647
CZ,154,CZ-71
CZ,197,CZ-711
CZ,197,CZ-712
CZ,197,CZ-713
CZ,197,CZ-714
CZ,197,CZ-715
CZ,154,CZ-72
CZ,197,CZ-721
CZ,197,CZ-722
CZ,197,CZ-723
CZ,197,CZ-724
CZ,154,CZ-80
CZ,197,CZ-801
CZ,197,CZ-802
CZ,197,CZ-803
CZ,197,CZ-804
CZ,197,CZ-805
CZ,197,CZ-806
CZ,465,CZ-10
DE,198,DE-BB
DE,198,DE-BE
DE,198,DE-BW
DE,198,DE-BY
DE,198,DE-HB
DE,198,DE-HE
DE,198,DE-HH
DE,198,DE-MV
DE,198,DE-NI
DE,198,DE-NW
DE,198,DE-RP
DE,198,DE-SH
DE,198,DE-SL
DE,198,DE-SN
DE,198,DE-ST
DE,198,DE-TH
DJ,218,DJ-AR
DJ,218,DJ-AS
DJ,218,DJ-DI
DJ,218,DJ-OB
DJ,218,DJ-TA
DJ,401,DJ-DJ
DK,319,DK-81
DK,319,DK-82
DK,319,DK-83
DK,319,DK-84
DK,319,DK-85
DM,219,DM-02
DM,219,DM-03
DM,219,DM-04
DM,219,DM-05
DM,219,DM-06
DM,219,DM-07
DM,219,DM-08
DM,219,DM-09
DM,219,DM-10
DM,219,DM-11
DO,449,DO-33
DO,105,DO-06
DO,105,DO-14
DO,105,DO-19
DO,105,DO-20
DO,449,DO-34
DO,105,DO-05
DO,105,DO-15
DO,105,DO-26
DO,105,DO-27
DO,449,DO-35
DO,105,DO-09
DO,105,DO-18
DO,105,DO-25
DO,449,DO-36
DO,105,DO-13
DO,105,DO-24
DO,105,DO-28
DO,449,DO-37
DO,105,DO-07
DO,105,DO-22
DO,449,DO-38
DO,105,DO-03
DO,105,DO-04
DO,105,DO-10
DO,105,DO-16
DO,449,DO-39
DO,105,DO-23
DO,105,DO-29
DO,105,DO-30
DO,449,DO-40
DO,105,DO-32
DO,183,DO-01
DO,449,DO-41
DO,105,DO-02
DO,105,DO-17
DO,105,DO-21
DO,105,DO-31
DO,449,DO-42
DO,105,DO-08
DO,105,DO-11
DO,105,DO-12
DZ,366,DZ-01
DZ,366,DZ-02
DZ,366,DZ-03
DZ,366,DZ-04
DZ,366,DZ-05
DZ,366,DZ-06
DZ,366,DZ-07
DZ,366,DZ-08
DZ,366,DZ-09
DZ,366,DZ-10
DZ,366,DZ-11
DZ,366,DZ-12
DZ,366,DZ-13
DZ,366,DZ-14
DZ,366,DZ-15
DZ,366,DZ-16
DZ,366,DZ-17
DZ,366,DZ-18
DZ,366,DZ-19
DZ,366,DZ-20
DZ,366,DZ-21
DZ,366,DZ-22
DZ,366,DZ-23
DZ,366,DZ-24
DZ,366,DZ-25
DZ,366,DZ-26
DZ,366,DZ-27
DZ,366,DZ-28
DZ,366,DZ-29
DZ,366,DZ-30
DZ,366,DZ-31
DZ,366,DZ-32
DZ,366,DZ-33
DZ,366,DZ-34
DZ,366,DZ-35
DZ,366,DZ-36
DZ,366,DZ-37
DZ,366,DZ-38
DZ,366,DZ-39
DZ,366,DZ-40
DZ,366,DZ-41
DZ,366,DZ-42
DZ,366,DZ-43
DZ,366,DZ-44
DZ,366,DZ-45
DZ,366,DZ-46
DZ,366,DZ-47
DZ,366,DZ-48
EC,320,EC-A
EC,320,EC-B
EC,320,EC-C
EC,320,EC-D
EC,320,EC-E
EC,320,EC-F
EC,320,EC-G
EC,320,EC-H
EC,320,EC-I
EC,320,EC-L
EC,320,EC-M
EC,320,EC-N
EC,320,EC-O
EC,320,EC-P
EC,320,EC-R
EC,320,EC-S
EC,320,EC-SD
EC,320,EC-SE
EC,320,EC-T
EC,320,EC-U
EC,320,EC-W
EC,320,EC-X
EC,320,EC-Y
EC,320,EC-Z
EE,407,EE-37
EE,483,EE-296
EE,483,EE-424
EE,483,EE-446
EE,483,EE-784
EE,484,EE-141
EE,484,EE-198
EE,484,EE-245
EE,484,EE-305
EE,484,EE-338
EE,484,EE-353
EE,484,EE-431
EE,484,EE-651
EE,484,EE-653
EE,484,EE-719
EE,484,EE-726
EE,484,EE-890
EE,407,EE-39
EE,484,EE-205
EE,407,EE-45
EE,483,EE-321
EE,483,EE-511
EE,483,EE-514
EE,483,EE-735
EE,484,EE-130
EE,484,EE-251
EE,484,EE-442
EE,484,EE-803
EE,407,EE-50
EE,484,EE-247
EE,484,EE-486
EE,484,EE-618
EE,407,EE-52
EE,483,EE-567
EE,484,EE-255
EE,484,EE-834
EE,407,EE-56
EE,483,EE-184
EE,484,EE-441
EE,484,EE-907
EE,407,EE-60
EE,483,EE-663
EE,484,EE-191
EE,484,EE-272
EE,484,EE-661
EE,484,EE-792
EE,484,EE-901
EE,484,EE-903
EE,484,EE-928
EE,407,EE-64
EE,484,EE-284
EE,484,EE-622
EE,484,EE-708
EE,407,EE-68
EE,483,EE-624
EE,484,EE-214
EE,484,EE-303
EE,484,EE-430
EE,484,EE-638
EE,484,EE-712
EE,484,EE-809
EE,407,EE-71
EE,484,EE-293
EE,484,EE-317
EE,484,EE-503
EE,484,EE-668
EE,407,EE-74
EE,484,EE-478
EE,484,EE-689
EE,484,EE-714
EE,407,EE-79
EE,483,EE-793
EE,484,EE-171
EE,484,EE-283
EE,484,EE-291
EE,484,EE-432
EE,484,EE-528
EE,484,EE-586
EE,484,EE-796
EE,407,EE-81
EE,484,EE-557
EE,484,EE-824
EE,484,EE-855
EE,407,EE-84
EE,483,EE-897
EE,484,EE-480
EE,484,EE-615
EE,484,EE-899
EE,407,EE-87
EE,483,EE-919
EE,484,EE-142
EE,484,EE-698
EE,484,EE-732
EE,484,EE-917
EG,316,EG-ALX
EG,316,EG-ASN
EG,316,EG-AST
EG,316,EG-BA
EG,316,EG-BH
EG,316,EG-BNS
EG,316,EG-C
EG,316,EG-DK
EG,316,EG-DT
EG,316,EG-FYM
EG,316,EG-GH
EG,316,EG-GZ
EG,316,EG-IS
EG,316,EG-JS
EG,316,EG-KB
EG,316,EG-KFS
EG,316,EG-KN
EG,316,EG-LX
EG,316,EG-MN
EG,316,EG-MNF
EG,316,EG-MT
EG,316,EG-PTS
EG,316,EG-SHG
EG,316,EG-SHR
EG,316,EG-SIN
EG,316,EG-SUZ
EG,316,EG-WAD
ER,317,ER-AN
ER,317,ER-DK
ER,317,ER-DU
ER,317,ER-GB
ER,317,ER-MA
ER,317,ER-SK
ES,101,ES-AN
ES,408,ES-AL
ES,408,ES-CA
ES,408,ES-CO
ES,408,ES-GR
ES,408,ES-H
ES,408,ES-J
ES,408,ES-MA
ES,408,ES-SE
ES,101,ES-AR
ES,408,ES-HU
ES,408,ES-TE
ES,408,ES-Z
ES,101,ES-AS
ES,408,ES-O
ES,101,ES-CB
ES,408,ES-S
ES,101,ES-CL
ES,408,ES-AV
ES,408,ES-BU
ES,408,ES-LE
ES,408,ES-P
ES,408,ES-SA
ES,408,ES-SG
ES,408,ES-SO
ES,408,ES-VA
ES,408,ES-ZA
ES,101,ES-CM
ES,408,ES-AB
ES,408,ES-CR
ES,408,ES-CU
ES,408,ES-GU
ES,408,ES-TO
ES,101,ES-CN
ES,408,ES-GC
ES,408,ES-TF
ES,101,ES-CT
ES,408,ES-B
ES,408,ES-GI
ES,408,ES-L
ES,408,ES-T
ES,101,ES-EX
ES,408,ES-BA
ES,408,ES-CC
ES,101,ES-GA
ES,408,ES-C
ES,408,ES-LU
ES,408,ES-OR
ES,408,ES-PO
ES,101,ES-IB
ES,408,ES-PM
ES,101,ES-MC
ES,408,ES-MU
ES,101,ES-MD
ES,408,ES-M
ES,101,ES-NC
ES,408,ES-NA
ES,101,ES-PV
ES,408,ES-BI
ES,408,ES-SS
ES,408,ES-VI
ES,101,ES-RI
ES,408,ES-LO
ES,101,ES-VC
ES,408,ES-A
ES,408,ES-CS
ES,408,ES-V
ES,180,ES-CE
ES,180,ES-ML
ET,363,ET-AF
ET,363,ET-AM
ET,363,ET-BE
ET,363,ET-GA
ET,363,ET-HA
ET,363,ET-OR
ET,363,ET-SI
ET,363,ET-SN
ET,363,ET-SO
ET,363,ET-TI
ET,409,ET-AA
ET,409,ET-DD
FI,150,FI-01
FI,150,FI-02
FI,150,FI-03
FI,150,FI-04
FI,150,FI-05
FI,150,FI-06
FI,150,FI-07
FI,150,FI-08
FI,150,FI-09
FI,150,FI-10
FI,150,FI-11
FI,150,FI-12
FI,150,FI-13
FI,150,FI-14
FI,150,FI-15
FI,150,FI-16
FI,150,FI-17
FI,150,FI-18
FI,150,FI-19
FJ,353,FJ-R
FJ,410,FJ-C
FJ,450,FJ-09
FJ,450,FJ-10
FJ,450,FJ-12
FJ,450,FJ-13
FJ,450,FJ-14
FJ,410,FJ-E
FJ,450,FJ-04
FJ,450,FJ-05
FJ,450,FJ-06
FJ,410,FJ-N
FJ,450,FJ-02
FJ,450,FJ-03
FJ,450,FJ-07
FJ,410,FJ-W
FJ,450,FJ-01
FJ,450,FJ-08
FJ,450,FJ-11
FM,181,FM-KSA
FM,181,FM-PNI
FM,181,FM-TRK
FM,181,FM-YAP
FR,240,FR-ARA
FR,151,FR-01
FR,151,FR-03
FR,151,FR-07
FR,151,FR-15
FR,151,FR-26
FR,151,FR-38
FR,151,FR-42
FR,151,FR-43
FR,151,FR-63
FR,151,FR-69
FR,151,FR-73
FR,151,FR-74
FR,475,FR-69M
FR,240,FR-BFC
FR,151,FR-21
FR,151,FR-25
FR,151,FR-39
FR,151,FR-58
FR,151,FR-70
FR,151,FR-71
FR,151,FR-89
FR,151,FR-90
FR,240,FR-BRE
FR,151,FR-22
FR,151,FR-29
FR,151,FR-35
FR,151,FR-56
FR,240,FR-CVL
FR,151,FR-18
FR,151,FR-28
FR,151,FR-36
FR,151,FR-37
FR,151,FR-41
FR,151,FR-45
FR,240,FR-GES
FR,151,FR-08
FR,151,FR-10
FR,151,FR-51
FR,151,FR-52
FR,151,FR-54
FR,151,FR-55
FR,151,FR-57
FR,151,FR-88
FR,493,FR-6AE
FR,151,FR-67
FR,151,FR-68
FR,240,FR-HDF
FR,151,FR-02
FR,151,FR-59
FR,151,FR-60
FR,151,FR-62
FR,151,FR-80
FR,240,FR-IDF
FR,151,FR-77
FR,151,FR-78
FR,151,FR-91
FR,151,FR-92
FR,151,FR-93
FR,151,FR-94
FR,151,FR-95
FR,475,FR-75C
FR,240,FR-NAQ
FR,151,FR-16
FR,151,FR-17
FR,151,FR-19
FR,151,FR-23
FR,151,FR-24
FR,151,FR-33
FR,151,FR-40
FR,151,FR-47
FR,151,FR-64
FR,151,FR-79
FR,151,FR-86
FR,151,FR-87
FR,240,FR-NOR
FR,151,FR-14
FR,151,FR-27
FR,151,FR-50
FR,151,FR-61
FR,151,FR-76
FR,240,FR-OCC
FR,151,FR-09
FR,151,FR-11
FR,151,FR-12
FR,151,FR-30
FR,151,FR-31
FR,151,FR-32
FR,151,FR-34
FR,151,FR-46
FR,151,FR-48
FR,151,FR-65
FR,151,FR-66
FR,151,FR-81
FR,151,FR-82
FR,240,FR-PAC
FR,151,FR-04
FR,151,FR-05
FR,151,FR-06
FR,151,FR-13
FR,151,FR-83
FR,151,FR-84
FR,240,FR-PDL
FR,151,FR-44
FR,151,FR-49
FR,151,FR-53
FR,151,FR-72
FR,151,FR-85
FR,305,FR-CP
FR,368,FR-BL
FR,368,FR-MF
FR,368,FR-PF
FR,368,FR-PM
FR,368,FR-WF
FR,475,FR-20R
FR,151,FR-2A
FR,151,FR-2B
FR,489,FR-NC
FR,490,FR-TF
FR,494,FR-972
FR,494,FR-973
FR,495,FR-971
FR,495,FR-974
FR,495,FR-976
GA,394,GA-1
GA,394,GA-2
GA,394,GA-3
GA,394,GA-4
GA,394,GA-5
GA,394,GA-6
GA,394,GA-7
GA,394,GA-8
GA,394,GA-9
GB,491,GB-ENG
GB,113,GB-BKM
GB,113,GB-CAM
GB,113,GB-CMA
GB,113,GB-DBY
GB,113,GB-DEV
GB,113,GB-DOR
GB,113,GB-ESS
GB,113,GB-ESX
GB,113,GB-GLS
GB,113,GB-HAM
GB,113,GB-HRT
GB,113,GB-KEN
GB,113,GB-LAN
GB,113,GB-LEC
GB,113,GB-LIN
GB,113,GB-NFK
GB,113,GB-NTH
GB,113,GB-NTT
GB,113,GB-NYK
GB,113,GB-OXF
GB,113,GB-SFK
GB,113,GB-SOM
GB,113,GB-SRY
GB,113,GB-STS
GB,113,GB-WAR
GB,113,GB-WOR
GB,113,GB-WSX
GB,284,GB-BAS
GB,284,GB-BBD
GB,284,GB-BCP
GB,284,GB-BDF
GB,284,GB-BNH
GB,284,GB-BPL
GB,284,GB-BRC
GB,284,GB-BST
GB,284,GB-CBF
GB,284,GB-CHE
GB,284,GB-CHW
GB,284,GB-CON
GB,284,GB-DAL
GB,284,GB-DER
GB,284,GB-DUR
GB,284,GB-ERY
GB,284,GB-HAL
GB,284,GB-HEF
GB,284,GB-HPL
GB,284,GB-IOS
GB,284,GB-IOW
GB,284,GB-KHL
GB,284,GB-LCE
GB,284,GB-LUT
GB,284,GB-MDB
GB,284,GB-MDW
GB,284,GB-MIK
GB,284,GB-NBL
GB,284,GB-NEL
GB,284,GB-NGM
GB,284,GB-NLN
GB,284,GB-NSM
GB,284,GB-PLY
GB,284,GB-POR
GB,284,GB-PTE
GB,284,GB-RCC
GB,284,GB-RDG
GB,284,GB-RUT
GB,284,GB-SGC
GB,284,GB-SHR
GB,284,GB-SLG
GB,284,GB-SOS
GB,284,GB-STE
GB,284,GB-STH
GB,284,GB-STT
GB,284,GB-SWD
GB,284,GB-TFW
GB,284,GB-THR
GB,284,GB-TOB
GB,284,GB-WBK
GB,284,GB-WIL
GB,284,GB-WNM
GB,284,GB-WOK
GB,284,GB-WRT
GB,284,GB-YOR
GB,369,GB-BIR
GB,369,GB-BNS
GB,369,GB-BOL
GB,369,GB-BRD
GB,369,GB-BUR
GB,369,GB-CLD
GB,369,GB-COV
GB,369,GB-DNC
GB,369,GB-DUD
GB,369,GB-GAT
GB,369,GB-KIR
GB,369,GB-KWL
GB,369,GB-LDS
GB,369,GB-LIV
GB,369,GB-MAN
GB,369,GB-NET
GB,369,GB-NTY
GB,369,GB-OLD
GB,369,GB-RCH
GB,369,GB-ROT
GB,369,GB-SAW
GB,369,GB-SFT
GB,369,GB-SHF
GB,369,GB-SHN
GB,369,GB-SKP
GB,369,GB-SLF
GB,369,GB-SND
GB,369,GB-SOL
GB,369,GB-STY
GB,369,GB-TAM
GB,369,GB-TRF
GB,369,GB-WGN
GB,369,GB-WKF
GB,369,GB-WLL
GB,369,GB-WLV
GB,369,GB-WRL
GB,370,GB-BDG
GB,370,GB-BEN
GB,370,GB-BEX
GB,370,GB-BNE
GB,370,GB-BRY
GB,370,GB-CMD
GB,370,GB-CRY
GB,370,GB-EAL
GB,370,GB-ENF
GB,370,GB-GRE
GB,370,GB-HAV
GB,370,GB-HCK
GB,370,GB-HIL
GB,370,GB-HMF
GB,370,GB-HNS
GB,370,GB-HRW
GB,370,GB-HRY
GB,370,GB-ISL
GB,370,GB-KEC
GB,370,GB-KTT
GB,370,GB-LBH
GB,370,GB-LEW
GB,370,GB-MRT
GB,370,GB-NWM
GB,370,GB-RDB
GB,370,GB-RIC
GB,370,GB-STN
GB,370,GB-SWK
GB,370,GB-TWH
GB,370,GB-WFT
GB,370,GB-WND
GB,370,GB-WSM
GB,402,GB-LND
GB,491,GB-SCT
GB,112,GB-ABD
GB,112,GB-ABE
GB,112,GB-AGB
GB,112,GB-ANS
GB,112,GB-CLK
GB,112,GB-DGY
GB,112,GB-DND
GB,112,GB-EAY
GB,112,GB-EDH
GB,112,GB-EDU
GB,112,GB-ELN
GB,112,GB-ELS
GB,112,GB-ERW
GB,112,GB-FAL
GB,112,GB-FIF
GB,112,GB-GLG
GB,112,GB-HLD
GB,112,GB-IVC
GB,112,GB-MLN
GB,112,GB-MRY
GB,112,GB-NAY
GB,112,GB-NLK
GB,112,GB-ORK
GB,112,GB-PKN
GB,112,GB-RFW
GB,112,GB-SAY
GB,112,GB-SCB
GB,112,GB-SLK
GB,112,GB-STG
GB,112,GB-WDU
GB,112,GB-WLN
GB,112,GB-ZET
GB,491,GB-WLS
GB,284,GB-AGY
GB,284,GB-BGE
GB,284,GB-BGW
GB,284,GB-CAY
GB,284,GB-CGN
GB,284,GB-CMN
GB,284,GB-CRF
GB,284,GB-CWY
GB,284,GB-DEN
GB,284,GB-FLN
GB,284,GB-GWN
GB,284,GB-MON
GB,284,GB-MTY
GB,284,GB-NTL
GB,284,GB-NWP
GB,284,GB-PEM
GB,284,GB-POW
GB,284,GB-RCT
GB,284,GB-SWA
GB,284,GB-TOF
GB,284,GB-VGL
GB,284,GB-WRX
GB,492,GB-NIR
GB,283,GB-ABC
GB,283,GB-AND
GB,283,GB-ANN
GB,283,GB-BFS
GB,283,GB-CCG
GB,283,GB-DRS
GB,283,GB-FMO
GB,283,GB-LBC
GB,283,GB-MEA
GB,283,GB-MUL
GB,283,GB-NMD
GD,242,GD-01
GD,242,GD-02
GD,242,GD-03
GD,242,GD-04
GD,242,GD-05
GD,242,GD-06
GD,351,GD-10
GE,201,GE-GU
GE,201,GE-IM
GE,201,GE-KA
GE,201,GE-KK
GE,201,GE-MM
GE,201,GE-RL
GE,201,GE-SJ
GE,201,GE-SK
GE,201,GE-SZ
GE,299,GE-AB
GE,299,GE-AJ
GE,314,GE-TB
GH,114,GH-AA
GH,114,GH-AF
GH,114,GH-AH
GH,114,GH-BE
GH,114,GH-BO
GH,114,GH-CP
GH,114,GH-EP
GH,114,GH-NE
GH,114,GH-NP
GH,114,GH-OT
GH,114,GH-SV
GH,114,GH-TV
GH,114,GH-UE
GH,114,GH-UW
GH,114,GH-WN
GH,114,GH-WP
GL,243,GL-AV
GL,243,GL-KU
GL,243,GL-QE
GL,243,GL-QT
GL,243,GL-SM
GM,225,GM-L
GM,225,GM-M
GM,225,GM-N
GM,225,GM-U
GM,225,GM-W
GM,442,GM-B
GN,184,GN-C
GN,346,GN-B
GN,415,GN-BF
GN,415,GN-BK
GN,415,GN-FR
GN,415,GN-GA
GN,415,GN-KN
GN,346,GN-D
GN,415,GN-CO
GN,415,GN-DU
GN,415,GN-FO
GN,415,GN-KD
GN,415,GN-TE
GN,346,GN-F
GN,415,GN-DB
GN,415,GN-DI
GN,415,GN-FA
GN,415,GN-KS
GN,346,GN-K
GN,415,GN-KA
GN,415,GN-KE
GN,415,GN-KO
GN,415,GN-MD
GN,415,GN-SI
GN,346,GN-L
GN,415,GN-KB
GN,415,GN-LA
GN,415,GN-LE
GN,415,GN-ML
GN,415,GN-TO
GN,346,GN-M
GN,415,GN-DL
GN,415,GN-MM
GN,415,GN-PI
GN,346,GN-N
GN,415,GN-BE
GN,415,GN-GU
GN,415,GN-LO
GN,415,GN-MC
GN,415,GN-NZ
GN,415,GN-YO
GQ,300,GQ-C
GQ,244,GQ-CS
GQ,244,GQ-DJ
GQ,244,GQ-KN
GQ,244,GQ-LI
GQ,244,GQ-WN
GQ,300,GQ-I
GQ,244,GQ-AN
GQ,244,GQ-BN
GQ,244,GQ-BS
GR,185,GR-69
GR,202,GR-A
GR,202,GR-B
GR,202,GR-C
GR,202,GR-D
GR,202,GR-E
GR,202,GR-F
GR,202,GR-G
GR,202,GR-H
GR,202,GR-I
GR,202,GR-J
GR,202,GR-K
GR,202,GR-L
GR,202,GR-M
GT,372,GT-01
GT,372,GT-02
GT,372,GT-03
GT,372,GT-04
GT,372,GT-05
GT,372,GT-06
GT,372,GT-07
GT,372,GT-08
GT,372,GT-09
GT,372,GT-10
GT,372,GT-11
GT,372,GT-12
GT,372,GT-13
GT,372,GT-14
GT,372,GT-15
GT,372,GT-16
GT,372,GT-17
GT,372,GT-18
GT,372,GT-19
GT,372,GT-20
GT,372,GT-21
GT,372,GT-22
GW,139,GW-BS
GW,301,GW-L
GW,416,GW-BA
GW,416,GW-GA
GW,301,GW-N
GW,416,GW-BM
GW,416,GW-CA
GW,416,GW-OI
GW,301,GW-S
GW,416,GW-BL
GW,416,GW-QU
GW,416,GW-TO
GY,302,GY-BA
GY,302,GY-CU
GY,302,GY-DE
GY,302,GY-EB
GY,302,GY-ES
GY,302,GY-MA
GY,302,GY-PM
GY,302,GY-PT
GY,302,GY-UD
GY,302,GY-UT
HN,203,HN-AT
HN,203,HN-CH
HN,203,HN-CL
HN,203,HN-CM
HN,203,HN-CP
HN,203,HN-CR
HN,203,HN-EP
HN,203,HN-FM
HN,203,HN-GD
HN,203,HN-IB
HN,203,HN-IN
HN,203,HN-LE
HN,203,HN-LP
HN,203,HN-OC
HN,203,HN-OL
HN,203,HN-SB
HN,203,HN-VA
HN,203,HN-YO
HR,115,HR-01
HR,115,HR-02
HR,115,HR-03
HR,115,HR-04
HR,115,HR-05
HR,115,HR-06
HR,115,HR-07
HR,115,HR-08
HR,115,HR-09
HR,115,HR-10
HR,115,HR-11
HR,115,HR-12
HR,115,HR-13
HR,115,HR-14
HR,115,HR-15
HR,115,HR-16
HR,115,HR-17
HR,115,HR-18
HR,115,HR-19
HR,115,HR-20
HR,347,HR-21
HT,116,HT-AR
HT,116,HT-CE
HT,116,HT-GA
HT,116,HT-ND
HT,116,HT-NE
HT,116,HT-NI
HT,116,HT-NO
HT,116,HT-OU
HT,116,HT-SD
HT,116,HT-SE
HU,204,HU-BA
HU,204,HU-BE
HU,204,HU-BK
HU,204,HU-BZ
HU,204,HU-CS
HU,204,HU-FE
HU,204,HU-GS
HU,204,HU-HB
HU,204,HU-HE
HU,204,HU-JN
HU,204,HU-KE
HU,204,HU-NO
HU,204,HU-PE
HU,204,HU-SO
HU,204,HU-SZ
HU,204,HU-TO
HU,204,HU-VA
HU,204,HU-VE
HU,204,HU-ZA
HU,245,HU-BC
HU,245,HU-DE
HU,245,HU-DU
HU,245,HU-EG
HU,245,HU-ER
HU,245,HU-GY
HU,245,HU-HV
HU,245,HU-KM
HU,245,HU-KV
HU,245,HU-MI
HU,245,HU-NK
HU,245,HU-NY
HU,245,HU-PS
HU,245,HU-SD
HU,245,HU-SF
HU,245,HU-SH
HU,245,HU-SK
HU,245,HU-SN
HU,245,HU-SS
HU,245,HU-ST
HU,245,HU-TB
HU,245,HU-VM
HU,245,HU-ZE
HU,406,HU-BU
ID,159,ID-JW
ID,205,ID-BT
ID,205,ID-JB
ID,205,ID-JI
ID,205,ID-JT
ID,269,ID-YO
ID,358,ID-JK
ID,159,ID-KA
ID,205,ID-KB
ID,205,ID-KI
ID,205,ID-KS
ID,205,ID-KT
ID,205,ID-KU
ID,159,ID-ML
ID,205,ID-MA
ID,205,ID-MU
ID,159,ID-NU
ID,205,ID-BA
ID,205,ID-NB
ID,205,ID-NT
ID,159,ID-PP
ID,205,ID-PA
ID,205,ID-PB
ID,159,ID-SL
ID,205,ID-GO
ID,205,ID-SA
ID,205,ID-SG
ID,205,ID-SN
ID,205,ID-SR
ID,205,ID-ST
ID,159,ID-SM
ID,205,ID-AC
ID,205,ID-BB
ID,205,ID-BE
ID,205,ID-JA
ID,205,ID-KR
ID,205,ID-LA
ID,205,ID-RI
ID,205,ID-SB
ID,205,ID-SS
ID,205,ID-SU
IE,417,IE-C
IE,246,IE-G
IE,246,IE-LM
IE,246,IE-MO
IE,246,IE-RN
IE,246,IE-SO
IE,417,IE-L
IE,246,IE-CW
IE,246,IE-D
IE,246,IE-KE
IE,246,IE-KK
IE,246,IE-LD
IE,246,IE-LH
IE,246,IE-LS
IE,246,IE-MH
IE,246,IE-OY
IE,246,IE-WH
IE,246,IE-WW
IE,246,IE-WX
IE,417,IE-M
IE,246,IE-CE
IE,246,IE-CO
IE,246,IE-KY
IE,246,IE-LK
IE,246,IE-TA
IE,246,IE-WD
IE,417,IE-U
IE,246,IE-CN
IE,246,IE-DL
IE,246,IE-MN
IL,354,IL-D
IL,354,IL-HA
IL,354,IL-JM
IL,354,IL-M
IL,354,IL-TA
IL,354,IL-Z
IN,327,IN-AN
IN,327,IN-CH
IN,327,IN-DH
IN,327,IN-DL
IN,327,IN-JK
IN,327,IN-LA
IN,327,IN-LD
IN,327,IN-PY
IN,373,IN-AP
IN,373,IN-AR
IN,373,IN-AS
IN,373,IN-BR
IN,373,IN-CT
IN,373,IN-GA
IN,373,IN-GJ
IN,373,IN-HP
IN,373,IN-HR
IN,373,IN-JH
IN,373,IN-KA
IN,373,IN-KL
IN,373,IN-MH
IN,373,IN-ML
IN,373,IN-MN
IN,373,IN-MP
IN,373,IN-MZ
IN,373,IN-NL
IN,373,IN-OR
IN,373,IN-PB
IN,373,IN-RJ
IN,373,IN-SK
IN,373,IN-TG
IN,373,IN-TN
IN,373,IN-TR
IN,373,IN-UP
IN,373,IN-UT
IN,373,IN-WB
IQ,160,IQ-AN
IQ,160,IQ-BA
IQ,160,IQ-BB
IQ,160,IQ-BG
IQ,160,IQ-DI
IQ,160,IQ-DQ
IQ,160,IQ-KA
IQ,160,IQ-KI
IQ,160,IQ-MA
IQ,160,IQ-MU
IQ,160,IQ-NA
IQ,160,IQ-NI
IQ,160,IQ-QA
IQ,160,IQ-SD
IQ,160,IQ-WA
IQ,496,IQ-KR
IQ,160,IQ-AR
IQ,160,IQ-DA
IQ,160,IQ-SU
IR,418,IR-00
IR,418,IR-01
IR,418,IR-02
IR,418,IR-03
IR,418,IR-04
IR,418,IR-05
IR,418,IR-06
IR,418,IR-07
IR,418,IR-08
IR,418,IR-09
IR,418,IR-10
IR,418,IR-11
IR,418,IR-12
IR,418,IR-13
IR,418,IR-14
IR,418,IR-15
IR,418,IR-16
IR,418,IR-17
IR,418,IR-18
IR,418,IR-19
IR,418,IR-20
IR,418,IR-21
IR,418,IR-22
IR,418,IR-23
IR,418,IR-24
IR,418,IR-25
IR,418,IR-26
IR,418,IR-27
IR,418,IR-28
IR,418,IR-29
IR,418,IR-30
IS,419,IS-1
IS,485,IS-GAR
IS,485,IS-HAF
IS,485,IS-KJO
IS,485,IS-KOP
IS,485,IS-MOS
IS,485,IS-RKV
IS,485,IS-SEL
IS,419,IS-2
IS,485,IS-GRN
IS,485,IS-RKN
IS,485,IS-SDN
IS,485,IS-SVG
IS,419,IS-3
IS,485,IS-AKN
IS,485,IS-BOG
IS,485,IS-DAB
IS,485,IS-EOM
IS,485,IS-GRU
IS,485,IS-HEL
IS,485,IS-HVA
IS,485,IS-SKO
IS,485,IS-SNF
IS,485,IS-STY
IS,419,IS-4
IS,485,IS-ARN
IS,485,IS-BOL
IS,485,IS-ISA
IS,485,IS-KAL
IS,485,IS-RHH
IS,485,IS-SDV
IS,485,IS-STR
IS,485,IS-TAL
IS,485,IS-VER
IS,419,IS-5
IS,485,IS-AKH
IS,485,IS-BLO
IS,485,IS-HUT
IS,485,IS-HUV
IS,485,IS-SKG
IS,485,IS-SSF
IS,485,IS-SSS
IS,419,IS-6
IS,485,IS-AKU
IS,485,IS-DAV
IS,485,IS-EYF
IS,485,IS-FJL
IS,485,IS-GRY
IS,485,IS-HRG
IS,485,IS-LAN
IS,485,IS-NOR
IS,485,IS-SBH
IS,485,IS-SBT
IS,485,IS-SKU
IS,485,IS-THG
IS,485,IS-TJO
IS,419,IS-7
IS,485,IS-FJD
IS,485,IS-FLR
IS,485,IS-MUL
IS,485,IS-SHF
IS,485,IS-VOP
IS,419,IS-8
IS,485,IS-ASA
IS,485,IS-BLA
IS,485,IS-FLA
IS,485,IS-GOG
IS,485,IS-HRU
IS,485,IS-HVE
IS,485,IS-MYR
IS,485,IS-RGE
IS,485,IS-RGY
IS,485,IS-SFA
IS,485,IS-SKF
IS,485,IS-SOG
IS,485,IS-SOL
IS,485,IS-VEM
IT,117,IT-21
IT,374,IT-AL
IT,374,IT-AT
IT,374,IT-BI
IT,374,IT-CN
IT,374,IT-NO
IT,374,IT-VB
IT,374,IT-VC
IT,480,IT-TO
IT,117,IT-25
IT,374,IT-BG
IT,374,IT-BS
IT,374,IT-CO
IT,374,IT-CR
IT,374,IT-LC
IT,374,IT-LO
IT,374,IT-MB
IT,374,IT-MN
IT,374,IT-PV
IT,374,IT-SO
IT,374,IT-VA
IT,480,IT-MI
IT,117,IT-34
IT,374,IT-BL
IT,374,IT-PD
IT,374,IT-RO
IT,374,IT-TV
IT,374,IT-VI
IT,374,IT-VR
IT,480,IT-VE
IT,117,IT-42
IT,374,IT-IM
IT,374,IT-SP
IT,374,IT-SV
IT,480,IT-GE
IT,117,IT-45
IT,374,IT-FC
IT,374,IT-FE
IT,374,IT-MO
IT,374,IT-PC
IT,374,IT-PR
IT,374,IT-RA
IT,374,IT-RE
IT,374,IT-RN
IT,480,IT-BO
IT,117,IT-52
IT,374,IT-AR
IT,374,IT-GR
IT,374,IT-LI
IT,374,IT-LU
IT,374,IT-MS
IT,374,IT-PI
IT,374,IT-PO
IT,374,IT-PT
IT,374,IT-SI
IT,480,IT-FI
IT,117,IT-55
IT,374,IT-PG
IT,374,IT-TR
IT,117,IT-57
IT,374,IT-AN
IT,374,IT-AP
IT,374,IT-FM
IT,374,IT-MC
IT,374,IT-PU
IT,117,IT-62
IT,374,IT-FR
IT,374,IT-LT
IT,374,IT-RI
IT,374,IT-VT
IT,480,IT-RM
IT,117,IT-65
IT,374,IT-AQ
IT,374,IT-CH
IT,374,IT-PE
IT,374,IT-TE
IT,117,IT-67
IT,374,IT-CB
IT,374,IT-IS
IT,117,IT-72
IT,374,IT-AV
IT,374,IT-BN
IT,374,IT-CE
IT,374,IT-SA
IT,480,IT-NA
IT,117,IT-75
IT,374,IT-BR
IT,374,IT-BT
IT,374,IT-FG
IT,374,IT-LE
IT,374,IT-TA
IT,480,IT-BA
IT,117,IT-77
IT,374,IT-MT
IT,374,IT-PZ
IT,117,IT-78
IT,374,IT-CS
IT,374,IT-CZ
IT,374,IT-KR
IT,374,IT-VV
IT,480,IT-RC
IT,482,IT-23
IT,482,IT-32
IT,481,IT-BZ
IT,481,IT-TN
IT,482,IT-36
IT,486,IT-GO
IT,486,IT-PN
IT,486,IT-TS
IT,486,IT-UD
IT,482,IT-82
IT,479,IT-AG
IT,479,IT-CL
IT,479,IT-EN
IT,479,IT-RG
IT,479,IT-SR
IT,479,IT-TP
IT,480,IT-CT
IT,480,IT-ME
IT,480,IT-PA
IT,482,IT-88
IT,374,IT-NU
IT,374,IT-OR
IT,374,IT-SS
IT,374,IT-SU
IT,480,IT-CA
JM,118,JM-01
JM,118,JM-02
JM,118,JM-03
JM,118,JM-04
JM,118,JM-05
JM,118,JM-06
JM,118,JM-07
JM,118,JM-08
JM,118,JM-09
JM,118,JM-10
JM,118,JM-11
JM,118,JM-12
JM,118,JM-13
JM,118,JM-14
JO,420,JO-AJ
JO,420,JO-AM
JO,420,JO-AQ
JO,420,JO-AT
JO,420,JO-AZ
JO,420,JO-BA
JO,420,JO-IR
JO,420,JO-JA
JO,420,JO-KA
JO,420,JO-MA
JO,420,JO-MD
JO,420,JO-MN
JP,247,JP-01
JP,247,JP-02
JP,247,JP-03
JP,247,JP-04
JP,247,JP-05
JP,247,JP-06
JP,247,JP-07
JP,247,JP-08
JP,247,JP-09
JP,247,JP-10
JP,247,JP-11
JP,247,JP-12
JP,247,JP-13
JP,247,JP-14
JP,247,JP-15
JP,247,JP-16
JP,247,JP-17
JP,247,JP-18
JP,247,JP-19
JP,247,JP-20
JP,247,JP-21
JP,247,JP-22
JP,247,JP-23
JP,247,JP-24
JP,247,JP-25
JP,247,JP-26
JP,247,JP-27
JP,247,JP-28
JP,247,JP-29
JP,247,JP-30
JP,247,JP-31
JP,247,JP-32
JP,247,JP-33
JP,247,JP-34
JP,247,JP-35
JP,247,JP-36
JP,247,JP-37
JP,247,JP-38
JP,247,JP-39
JP,247,JP-40
JP,247,JP-41
JP,247,JP-42
JP,247,JP-43
JP,247,JP-44
JP,247,JP-45
JP,247,JP-46
JP,247,JP-47
KE,451,KE-01
KE,451,KE-02
KE,451,KE-03
KE,451,KE-04
KE,451,KE-05
KE,451,KE-06
KE,451,KE-07
KE,451,KE-08
KE,451,KE-09
KE,451,KE-10
KE,451,KE-11
KE,451,KE-12
KE,451,KE-13
KE,451,KE-14
KE,451,KE-15
KE,451,KE-16
KE,451,KE-17
KE,451,KE-18
KE,451,KE-19
KE,451,KE-20
KE,451,KE-21
KE,451,KE-22
KE,451,KE-23
KE,451,KE-24
KE,451,KE-25
KE,451,KE-26
KE,451,KE-27
KE,451,KE-28
KE,451,KE-29
KE,451,KE-30
KE,451,KE-31
KE,451,KE-32
KE,451,KE-33
KE,451,KE-34
KE,451,KE-35
KE,451,KE-36
KE,451,KE-37
KE,451,KE-38
KE,451,KE-39
KE,451,KE-40
KE,451,KE-41
KE,451,KE-42
KE,451,KE-43
KE,451,KE-44
KE,451,KE-45
KE,451,KE-46
KE,451,KE-47
KG,187,KG-GB
KG,187,KG-GO
KG,328,KG-B
KG,328,KG-C
KG,328,KG-J
KG,328,KG-N
KG,328,KG-O
KG,328,KG-T
KG,328,KG-Y
KH,206,KH-12
KH,342,KH-1
KH,342,KH-10
KH,342,KH-11
KH,342,KH-13
KH,342,KH-14
KH,342,KH-15
KH,342,KH-16
KH,342,KH-17
KH,342,KH-18
KH,342,KH-19
KH,342,KH-2
KH,342,KH-20
KH,342,KH-21
KH,342,KH-22
KH,342,KH-23
KH,342,KH-24
KH,342,KH-25
KH,342,KH-3
KH,342,KH-4
KH,342,KH-5
KH,342,KH-6
KH,342,KH-7
KH,342,KH-8
KH,342,KH-9
KI,431,KI-G
KI,431,KI-L
KI,431,KI-P
KM,174,KM-A
KM,174,KM-G
KM,174,KM-M
KN,432,KN-K
KN,375,KN-01
KN,375,KN-02
KN,375,KN-03
KN,375,KN-06
KN,375,KN-08
KN,375,KN-09
KN,375,KN-11
KN,375,KN-13
KN,375,KN-15
KN,432,KN-N
KN,375,KN-04
KN,375,KN-05
KN,375,KN-07
KN,375,KN-10
KN,375,KN-12
KP,140,KP-13
KP,207,KP-02
KP,207,KP-03
KP,207,KP-04
KP,207,KP-05
KP,207,KP-06
KP,207,KP-07
KP,207,KP-08
KP,207,KP-09
KP,207,KP-10
KP,356,KP-01
KP,473,KP-14
KR,226,KR-11
KR,227,KR-26
KR,227,KR-27
KR,227,KR-28
KR,227,KR-29
KR,227,KR-30
KR,227,KR-31
KR,329,KR-41
KR,329,KR-42
KR,329,KR-43
KR,329,KR-44
KR,329,KR-45
KR,329,KR-46
KR,329,KR-47
KR,329,KR-48
KR,452,KR-49
KR,453,KR-50
KW,119,KW-AH
KW,119,KW-FA
KW,119,KW-HA
KW,119,KW-JA
KW,119,KW-KU
KW,119,KW-MU
KZ,330,KZ-AKM
KZ,330,KZ-AKT
KZ,330,KZ-ALM
KZ,330,KZ-ATY
KZ,330,KZ-KAR
KZ,330,KZ-KUS
KZ,330,KZ-KZY
KZ,330,KZ-MAN
KZ,330,KZ-PAV
KZ,330,KZ-SEV
KZ,330,KZ-VOS
KZ,330,KZ-YUZ
KZ,330,KZ-ZAP
KZ,330,KZ-ZHA
KZ,437,KZ-ALA
KZ,437,KZ-AST
KZ,437,KZ-SHY
LA,273,LA-VT
LA,285,LA-AT
LA,285,LA-BK
LA,285,LA-BL
LA,285,LA-CH
LA,285,LA-HO
LA,285,LA-KH
LA,285,LA-LM
LA,285,LA-LP
LA,285,LA-OU
LA,285,LA-PH
LA,285,LA-SL
LA,285,LA-SV
LA,285,LA-VI
LA,285,LA-XA
LA,285,LA-XE
LA,285,LA-XI
LA,285,LA-XS
LB,208,LB-AK
LB,208,LB-AS
LB,208,LB-BA
LB,208,LB-BH
LB,208,LB-BI
LB,208,LB-JA
LB,208,LB-JL
LB,208,LB-NA
LC,376,LC-01
LC,376,LC-02
LC,376,LC-03
LC,376,LC-05
LC,376,LC-06
LC,376,LC-07
LC,376,LC-08
LC,376,LC-10
LC,376,LC-11
LC,376,LC-12
LI,331,LI-01
LI,331,LI-02
LI,331,LI-03
LI,331,LI-04
LI,331,LI-05
LI,331,LI-06
LI,331,LI-07
LI,331,LI-08
LI,331,LI-09
LI,331,LI-10
LI,331,LI-11
LK,286,LK-1
LK,421,LK-11
LK,421,LK-12
LK,421,LK-13
LK,286,LK-2
LK,421,LK-21
LK,421,LK-22
LK,421,LK-23
LK,286,LK-3
LK,421,LK-31
LK,421,LK-32
LK,421,LK-33
LK,286,LK-4
LK,421,LK-41
LK,421,LK-42
LK,421,LK-43
LK,421,LK-44
LK,421,LK-45
LK,286,LK-5
LK,421,LK-51
LK,421,LK-52
LK,421,LK-53
LK,286,LK-6
LK,421,LK-61
LK,421,LK-62
LK,286,LK-7
LK,421,LK-71
LK,421,LK-72
LK,286,LK-8
LK,421,LK-81
LK,421,LK-82
LK,286,LK-9
LK,421,LK-91
LK,421,LK-92
LR,377,LR-BG
LR,377,LR-BM
LR,377,LR-CM
LR,377,LR-GB
LR,377,LR-GG
LR,377,LR-GK
LR,377,LR-GP
LR,377,LR-LO
LR,377,LR-MG
LR,377,LR-MO
LR,377,LR-MY
LR,377,LR-NI
LR,377,LR-RG
LR,377,LR-RI
LR,377,LR-SI
LS,209,LS-A
LS,209,LS-B
LS,209,LS-C
LS,209,LS-D
LS,209,LS-E
LS,209,LS-F
LS,209,LS-G
LS,209,LS-H
LS,209,LS-J
LS,209,LS-K
LT,210,LT-AL
LT,454,LT-02
LT,455,LT-03
LT,455,LT-24
LT,455,LT-55
LT,456,LT-07
LT,210,LT-KL
LT,454,LT-20
LT,454,LT-31
LT,455,LT-21
LT,455,LT-22
LT,455,LT-46
LT,455,LT-48
LT,456,LT-28
LT,210,LT-KU
LT,454,LT-15
LT,455,LT-10
LT,455,LT-13
LT,455,LT-16
LT,455,LT-18
LT,455,LT-36
LT,455,LT-38
LT,456,LT-05
LT,210,LT-MR
LT,455,LT-25
LT,455,LT-41
LT,455,LT-56
LT,456,LT-14
LT,456,LT-17
LT,210,LT-PN
LT,454,LT-32
LT,455,LT-06
LT,455,LT-23
LT,455,LT-33
LT,455,LT-34
LT,455,LT-40
LT,210,LT-SA
LT,454,LT-43
LT,455,LT-01
LT,455,LT-11
LT,455,LT-19
LT,455,LT-30
LT,455,LT-37
LT,455,LT-44
LT,210,LT-TA
LT,455,LT-12
LT,455,LT-45
LT,455,LT-50
LT,456,LT-29
LT,210,LT-TE
LT,455,LT-26
LT,455,LT-35
LT,455,LT-51
LT,456,LT-39
LT,210,LT-UT
LT,455,LT-04
LT,455,LT-09
LT,455,LT-27
LT,455,LT-54
LT,455,LT-60
LT,456,LT-59
LT,210,LT-VL
LT,454,LT-57
LT,455,LT-42
LT,455,LT-47
LT,455,LT-49
LT,455,LT-52
LT,455,LT-53
LT,455,LT-58
LT,456,LT-08
LU,462,LU-CA
LU,462,LU-CL
LU,462,LU-DI
LU,462,LU-EC
LU,462,LU-ES
LU,462,LU-GR
LU,462,LU-LU
LU,462,LU-ME
LU,462,LU-RD
LU,462,LU-RM
LU,462,LU-VD
LU,462,LU-WI
LV,211,LV-002
LV,211,LV-007
LV,211,LV-011
LV,211,LV-015
LV,211,LV-016
LV,211,LV-022
LV,211,LV-026
LV,211,LV-033
LV,211,LV-041
LV,211,LV-042
LV,211,LV-047
LV,211,LV-050
LV,211,LV-052
LV,211,LV-054
LV,211,LV-056
LV,211,LV-058
LV,211,LV-059
LV,211,LV-062
LV,211,LV-067
LV,211,LV-068
LV,211,LV-073
LV,211,LV-077
LV,211,LV-080
LV,211,LV-087
LV,211,LV-088
LV,211,LV-089
LV,211,LV-091
LV,211,LV-094
LV,211,LV-097
LV,211,LV-099
LV,211,LV-101
LV,211,LV-102
LV,211,LV-106
LV,211,LV-111
LV,211,LV-112
LV,211,LV-113
LV,248,LV-DGV
LV,248,LV-JEL
LV,248,LV-JUR
LV,248,LV-LPX
LV,248,LV-REZ
LV,248,LV-RIX
LV,248,LV-VEN
LY,332,LY-BA
LY,332,LY-BU
LY,332,LY-DR
LY,332,LY-GT
LY,332,LY-JA
LY,332,LY-JG
LY,332,LY-JI
LY,332,LY-JU
LY,332,LY-KF
LY,332,LY-MB
LY,332,LY-MI
LY,332,LY-MJ
LY,332,LY-MQ
LY,332,LY-NL
LY,332,LY-NQ
LY,332,LY-SB
LY,332,LY-SR
LY,332,LY-TB
LY,332,LY-WA
LY,332,LY-WD
LY,332,LY-WS
LY,332,LY-ZA
MA,287,MA-01
MA,161,MA-MDF
MA,161,MA-TNG
MA,249,MA-CHE
MA,249,MA-FAH
MA,249,MA-HOC
MA,249,MA-LAR
MA,249,MA-OUZ
MA,249,MA-TET
MA,287,MA-02
MA,161,MA-OUJ
MA,249,MA-BER
MA,249,MA-DRI
MA,249,MA-FIG
MA,249,MA-GUF
MA,249,MA-JRA
MA,249,MA-NAD
MA,249,MA-TAI
MA,287,MA-03
MA,161,MA-FES
MA,161,MA-MEK
MA,249,MA-BOM
MA,249,MA-HAJ
MA,249,MA-IFR
MA,249,MA-MOU
MA,249,MA-SEF
MA,249,MA-TAO
MA,249,MA-TAZ
MA,287,MA-04
MA,161,MA-RAB
MA,161,MA-SAL
MA,161,MA-SKH
MA,249,MA-KEN
MA,249,MA-KHE
MA,249,MA-NOU
MA,249,MA-SIK
MA,249,MA-SIL
MA,287,MA-05
MA,249,MA-AZI
MA,249,MA-BEM
MA,249,MA-FQH
MA,249,MA-KHN
MA,249,MA-KHO
MA,287,MA-06
MA,161,MA-CAS
MA,161,MA-MOH
MA,249,MA-BES
MA,249,MA-BRR
MA,249,MA-CHT
MA,249,MA-JDI
MA,249,MA-MED
MA,249,MA-SET
MA,249,MA-SIB
MA,287,MA-07
MA,161,MA-MAR
MA,249,MA-CHI
MA,249,MA-ESI
MA,249,MA-HAO
MA,249,MA-KES
MA,249,MA-REH
MA,249,MA-SAF
MA,249,MA-YUS
MA,287,MA-08
MA,249,MA-ERR
MA,249,MA-MID
MA,249,MA-OUA
MA,249,MA-TIN
MA,249,MA-ZAG
MA,287,MA-09
MA,161,MA-AGD
MA,161,MA-INE
MA,249,MA-TAR
MA,249,MA-TAT
MA,249,MA-TIZ
MA,287,MA-10
MA,249,MA-ASZ
MA,249,MA-GUE
MA,249,MA-SIF
MA,249,MA-TNT
MA,287,MA-11
MA,249,MA-BOD
MA,249,MA-ESM
MA,249,MA-LAA
MA,249,MA-TAF
MA,287,MA-12
MA,249,MA-AOU
MA,249,MA-OUD
MC,212,MC-CL
MC,212,MC-CO
MC,212,MC-FO
MC,212,MC-GA
MC,212,MC-JE
MC,212,MC-LA
MC,212,MC-MA
MC,212,MC-MC
MC,212,MC-MG
MC,212,MC-MO
MC,212,MC-MU
MC,212,MC-PH
MC,212,MC-SD
MC,212,MC-SO
MC,212,MC-SP
MC,212,MC-SR
MC,212,MC-VR
MD,120,MD-AN
MD,120,MD-BR
MD,120,MD-BS
MD,120,MD-CA
MD,120,MD-CL
MD,120,MD-CM
MD,120,MD-CR
MD,120,MD-CS
MD,120,MD-CT
MD,120,MD-DO
MD,120,MD-DR
MD,120,MD-DU
MD,120,MD-ED
MD,120,MD-FA
MD,120,MD-FL
MD,120,MD-GL
MD,120,MD-HI
MD,120,MD-IA
MD,120,MD-LE
MD,120,MD-NI
MD,120,MD-OC
MD,120,MD-OR
MD,120,MD-RE
MD,120,MD-RI
MD,120,MD-SD
MD,120,MD-SI
MD,120,MD-SO
MD,120,MD-ST
MD,120,MD-SV
MD,120,MD-TA
MD,120,MD-TE
MD,120,MD-UN
MD,148,MD-GA
MD,222,MD-SN
MD,234,MD-BA
MD,234,MD-BD
MD,234,MD-CU
ME,121,ME-01
ME,121,ME-02
ME,121,ME-03
ME,121,ME-04
ME,121,ME-05
ME,121,ME-06
ME,121,ME-07
ME,121,ME-08
ME,121,ME-09
ME,121,ME-10
ME,121,ME-11
ME,121,ME-12
ME,121,ME-13
ME,121,ME-14
ME,121,ME-15
ME,121,ME-16
ME,121,ME-17
ME,121,ME-18
ME,121,ME-19
ME,121,ME-20
ME,121,ME-21
ME,121,ME-22
ME,121,ME-23
ME,121,ME-24
MG,213,MG-A
MG,213,MG-D
MG,213,MG-F
MG,213,MG-M
MG,213,MG-T
MG,213,MG-U
MH,162,MH-L
MH,378,MH-ALL
MH,378,MH-EBO
MH,378,MH-ENI
MH,378,MH-JAB
MH,378,MH-JAL
MH,378,MH-KIL
MH,378,MH-KWA
MH,378,MH-LAE
MH,378,MH-LIB
MH,378,MH-NMK
MH,378,MH-NMU
MH,378,MH-RON
MH,378,MH-UJA
MH,378,MH-WTH
MH,162,MH-T
MH,378,MH-ALK
MH,378,MH-ARN
MH,378,MH-AUR
MH,378,MH-LIK
MH,378,MH-MAJ
MH,378,MH-MAL
MH,378,MH-MEJ
MH,378,MH-MIL
MH,378,MH-UTI
MH,378,MH-WTJ
MK,288,MK-101
MK,288,MK-102
MK,288,MK-103
MK,288,MK-104
MK,288,MK-105
MK,288,MK-106
MK,288,MK-107
MK,288,MK-108
MK,288,MK-109
MK,288,MK-201
MK,288,MK-202
MK,288,MK-203
MK,288,MK-204
MK,288,MK-205
MK,288,MK-206
MK,288,MK-207
MK,288,MK-208
MK,288,MK-209
MK,288,MK-210
MK,288,MK-211
MK,288,MK-301
MK,288,MK-303
MK,288,MK-304
MK,288,MK-307
MK,288,MK-308
MK,288,MK-310
MK,288,MK-311
MK,288,MK-312
MK,288,MK-313
MK,288,MK-401
MK,288,MK-402
MK,288,MK-403
MK,288,MK-404
MK,288,MK-405
MK,288,MK-406
MK,288,MK-407
MK,288,MK-408
MK,288,MK-409
MK,288,MK-410
MK,288,MK-501
MK,288,MK-502
MK,288,MK-503
MK,288,MK-504
MK,288,MK-505
MK,288,MK-506
MK,288,MK-507
MK,288,MK-508
MK,288,MK-509
MK,288,MK-601
MK,288,MK-602
MK,288,MK-603
MK,288,MK-604
MK,288,MK-605
MK,288,MK-606
MK,288,MK-607
MK,288,MK-608
MK,288,MK-609
MK,288,MK-701
MK,288,MK-702
MK,288,MK-703
MK,288,MK-704
MK,288,MK-705
MK,288,MK-706
MK,288,MK-801
MK,288,MK-802
MK,288,MK-803
MK,288,MK-804
MK,288,MK-805
MK,288,MK-806
MK,288,MK-807
MK,288,MK-808
MK,288,MK-809
MK,288,MK-810
MK,288,MK-811
MK,288,MK-812
MK,288,MK-813
MK,288,MK-814
MK,288,MK-815
MK,288,MK-816
MK,288,MK-817
ML,132,ML-1
ML,132,ML-10
ML,132,ML-2
ML,132,ML-3
ML,132,ML-4
ML,132,ML-5
ML,132,ML-6
ML,132,ML-7
ML,132,ML-8
ML,132,ML-9
ML,436,ML-BKO
MM,163,MM-01
MM,163,MM-02
MM,163,MM-03
MM,163,MM-04
MM,163,MM-05
MM,163,MM-06
MM,163,MM-07
MM,264,MM-11
MM,264,MM-12
MM,264,MM-13
MM,264,MM-14
MM,264,MM-15
MM,264,MM-16
MM,264,MM-17
MM,457,MM-18
MN,333,MN-035
MN,333,MN-037
MN,333,MN-039
MN,333,MN-041
MN,333,MN-043
MN,333,MN-046
MN,333,MN-047
MN,333,MN-049
MN,333,MN-051
MN,333,MN-053
MN,333,MN-055
MN,333,MN-057
MN,333,MN-059
MN,333,MN-061
MN,333,MN-063
MN,333,MN-064
MN,333,MN-065
MN,333,MN-067
MN,333,MN-069
MN,333,MN-071
MN,333,MN-073
MN,360,MN-1
MR,289,MR-01
MR,289,MR-02
MR,289,MR-03
MR,289,MR-04
MR,289,MR-05
MR,289,MR-06
MR,289,MR-07
MR,289,MR-08
MR,289,MR-09
MR,289,MR-10
MR,289,MR-11
MR,289,MR-12
MR,289,MR-13
MR,289,MR-14
MR,289,MR-15
MT,280,MT-01
MT,280,MT-02
MT,280,MT-03
MT,280,MT-04
MT,280,MT-05
MT,280,MT-06
MT,280,MT-07
MT,280,MT-08
MT,280,MT-09
MT,280,MT-10
MT,280,MT-11
MT,280,MT-12
MT,280,MT-13
MT,280,MT-14
MT,280,MT-15
MT,280,MT-16
MT,280,MT-17
MT,280,MT-18
MT,280,MT-19
MT,280,MT-20
MT,280,MT-21
MT,280,MT-22
MT,280,MT-23
MT,280,MT-24
MT,280,MT-25
MT,280,MT-26
MT,280,MT-27
MT,280,MT-28
MT,280,MT-29
MT,280,MT-30
MT,280,MT-31
MT,280,MT-32
MT,280,MT-33
MT,280,MT-34
MT,280,MT-35
MT,280,MT-36
MT,280,MT-37
MT,280,MT-38
MT,280,MT-39
MT,280,MT-40
MT,280,MT-41
MT,280,MT-42
MT,280,MT-43
MT,280,MT-44
MT,280,MT-45
MT,280,MT-46
MT,280,MT-47
MT,280,MT-48
MT,280,MT-49
MT,280,MT-50
MT,280,MT-51
MT,280,MT-52
MT,280,MT-53
MT,280,MT-54
MT,280,MT-55
MT,280,MT-56
MT,280,MT-57
MT,280,MT-58
MT,280,MT-59
MT,280,MT-60
MT,280,MT-61
MT,280,MT-62
MT,280,MT-63
MT,280,MT-64
MT,280,MT-65
MT,280,MT-66
MT,280,MT-67
MT,280,MT-68
MU,238,MU-BL
MU,238,MU-FL
MU,238,MU-GP
MU,238,MU-MO
MU,238,MU-PA
MU,238,MU-PL
MU,238,MU-PW
MU,238,MU-RR
MU,238,MU-SA
MU,340,MU-AG
MU,340,MU-CC
MU,340,MU-RO
MV,326,MV-00
MV,326,MV-02
MV,326,MV-03
MV,326,MV-04
MV,326,MV-05
MV,326,MV-07
MV,326,MV-08
MV,326,MV-12
MV,326,MV-13
MV,326,MV-14
MV,326,MV-17
MV,326,MV-20
MV,326,MV-23
MV,326,MV-24
MV,326,MV-25
MV,326,MV-26
MV,326,MV-27
MV,326,MV-28
MV,326,MV-29
MV,476,MV-01
MV,476,MV-MLE
MW,135,MW-C
MW,367,MW-DE
MW,367,MW-DO
MW,367,MW-KS
MW,367,MW-LI
MW,367,MW-MC
MW,367,MW-NI
MW,367,MW-NK
MW,367,MW-NU
MW,367,MW-SA
MW,135,MW-N
MW,367,MW-CT
MW,367,MW-KR
MW,367,MW-LK
MW,367,MW-MZ
MW,367,MW-NB
MW,367,MW-RU
MW,135,MW-S
MW,367,MW-BA
MW,367,MW-BL
MW,367,MW-CK
MW,367,MW-CR
MW,367,MW-MG
MW,367,MW-MH
MW,367,MW-MU
MW,367,MW-MW
MW,367,MW-NE
MW,367,MW-NS
MW,367,MW-PH
MW,367,MW-TH
MW,367,MW-ZO
MX,239,MX-AGU
MX,239,MX-BCN
MX,239,MX-BCS
MX,239,MX-CAM
MX,239,MX-CHH
MX,239,MX-CHP
MX,239,MX-COA
MX,239,MX-COL
MX,239,MX-DUR
MX,239,MX-GRO
MX,239,MX-GUA
MX,239,MX-HID
MX,239,MX-JAL
MX,239,MX-MEX
MX,239,MX-MIC
MX,239,MX-MOR
MX,239,MX-NAY
MX,239,MX-NLE
MX,239,MX-OAX
MX,239,MX-PUE
MX,239,MX-QUE
MX,239,MX-ROO
MX,239,MX-SIN
MX,239,MX-SLP
MX,239,MX-SON
MX,239,MX-TAB
MX,239,MX-TAM
MX,239,MX-TLA
MX,239,MX-VER
MX,239,MX-YUC
MX,239,MX-ZAC
MX,341,MX-CMX
MY,147,MY-14
MY,147,MY-15
MY,147,MY-16
MY,156,MY-01
MY,156,MY-02
MY,156,MY-03
MY,156,MY-04
MY,156,MY-05
MY,156,MY-06
MY,156,MY-07
MY,156,MY-08
MY,156,MY-09
MY,156,MY-10
MY,156,MY-11
MY,156,MY-12
MY,156,MY-13
MZ,131,MZ-MPM
MZ,281,MZ-A
MZ,281,MZ-B
MZ,281,MZ-G
MZ,281,MZ-I
MZ,281,MZ-L
MZ,281,MZ-N
MZ,281,MZ-P
MZ,281,MZ-Q
MZ,281,MZ-S
MZ,281,MZ-T
NA,157,NA-CA
NA,157,NA-ER
NA,157,NA-HA
NA,157,NA-KA
NA,157,NA-KE
NA,157,NA-KH
NA,157,NA-KU
NA,157,NA-KW
NA,157,NA-OD
NA,157,NA-OH
NA,157,NA-ON
NA,157,NA-OS
NA,157,NA-OT
NA,157,NA-OW
NE,110,NE-8
NE,282,NE-1
NE,282,NE-2
NE,282,NE-3
NE,282,NE-4
NE,282,NE-5
NE,282,NE-6
NE,282,NE-7
NG,200,NG-AB
NG,200,NG-AD
NG,200,NG-AK
NG,200,NG-AN
NG,200,NG-BA
NG,200,NG-BE
NG,200,NG-BO
NG,200,NG-BY
NG,200,NG-CR
NG,200,NG-DE
NG,200,NG-EB
NG,200,NG-ED
NG,200,NG-EK
NG,200,NG-EN
NG,200,NG-GO
NG,200,NG-IM
NG,200,NG-JI
NG,200,NG-KD
NG,200,NG-KE
NG,200,NG-KN
NG,200,NG-KO
NG,200,NG-KT
NG,200,NG-KW
NG,200,NG-LA
NG,200,NG-NA
NG,200,NG-NI
NG,200,NG-OG
NG,200,NG-ON
NG,200,NG-OS
NG,200,NG-OY
NG,200,NG-PL
NG,200,NG-RI
NG,200,NG-SO
NG,200,NG-TA
NG,200,NG-YO
NG,200,NG-ZA
NG,435,NG-FC
NI,111,NI-BO
NI,111,NI-CA
NI,111,NI-CI
NI,111,NI-CO
NI,111,NI-ES
NI,111,NI-GR
NI,111,NI-JI
NI,111,NI-LE
NI,111,NI-MD
NI,111,NI-MN
NI,111,NI-MS
NI,111,NI-MT
NI,111,NI-NS
NI,111,NI-RI
NI,111,NI-SJ
NI,310,NI-AN
NI,310,NI-AS
NL,387,NL-DR
NL,387,NL-FL
NL,387,NL-FR
NL,387,NL-GE
NL,387,NL-GR
NL,387,NL-LI
NL,387,NL-NB
NL,387,NL-NH
NL,387,NL-OV
NL,387,NL-UT
NL,387,NL-ZE
NL,387,NL-ZH
NL,398,NL-AW
NL,398,NL-CW
NL,398,NL-SX
NL,413,NL-BQ1
NL,413,NL-BQ2
NL,413,NL-BQ3
NO,257,NO-03
NO,257,NO-11
NO,257,NO-15
NO,257,NO-18
NO,257,NO-30
NO,257,NO-34
NO,257,NO-38
NO,257,NO-42
NO,257,NO-46
NO,257,NO-50
NO,257,NO-54
NO,345,NO-21
NO,345,NO-22
NP,178,NP-1
NP,258,NP-BA
NP,258,NP-JA
NP,258,NP-NA
NP,178,NP-2
NP,258,NP-BH
NP,258,NP-KA
NP,258,NP-RA
NP,178,NP-3
NP,258,NP-DH
NP,258,NP-GA
NP,258,NP-LU
NP,178,NP-4
NP,258,NP-KO
NP,258,NP-ME
NP,258,NP-SA
NP,178,NP-5
NP,258,NP-MA
NP,258,NP-SE
NP,477,NP-P1
NP,477,NP-P2
NP,477,NP-P3
NP,477,NP-P4
NP,477,NP-P5
NP,477,NP-P6
NP,477,NP-P7
NR,172,NR-01
NR,172,NR-02
NR,172,NR-03
NR,172,NR-04
NR,172,NR-05
NR,172,NR-06
NR,172,NR-07
NR,172,NR-08
NR,172,NR-09
NR,172,NR-10
NR,172,NR-11
NR,172,NR-12
NR,172,NR-13
NR,172,NR-14
NZ,388,NZ-AUK
NZ,388,NZ-BOP
NZ,388,NZ-CAN
NZ,388,NZ-GIS
NZ,388,NZ-HKB
NZ,388,NZ-MBH
NZ,388,NZ-MWT
NZ,388,NZ-NSN
NZ,388,NZ-NTL
NZ,388,NZ-OTA
NZ,388,NZ-STL
NZ,388,NZ-TAS
NZ,388,NZ-TKI
NZ,388,NZ-WGN
NZ,388,NZ-WKO
NZ,388,NZ-WTC
NZ,440,NZ-CIT
OM,399,OM-BJ
OM,399,OM-BS
OM,399,OM-BU
OM,399,OM-DA
OM,399,OM-MA
OM,399,OM-MU
OM,399,OM-SJ
OM,399,OM-SS
OM,399,OM-WU
OM,399,OM-ZA
OM,399,OM-ZU
PA,232,PA-EM
PA,232,PA-KY
PA,232,PA-NB
PA,232,PA-NT
PA,389,PA-1
PA,389,PA-10
PA,389,PA-2
PA,389,PA-3
PA,389,PA-4
PA,389,PA-5
PA,389,PA-6
PA,389,PA-7
PA,389,PA-8
PA,389,PA-9
PE,127,PE-AMA
PE,127,PE-ANC
PE,127,PE-APU
PE,127,PE-ARE
PE,127,PE-AYA
PE,127,PE-CAJ
PE,127,PE-CAL
PE,127,PE-CUS
PE,127,PE-HUC
PE,127,PE-HUV
PE,127,PE-ICA
PE,127,PE-JUN
PE,127,PE-LAL
PE,127,PE-LAM
PE,127,PE-LIM
PE,127,PE-LOR
PE,127,PE-MDD
PE,127,PE-MOQ
PE,127,PE-PAS
PE,127,PE-PIU
PE,127,PE-PUN
PE,127,PE-SAM
PE,127,PE-TAC
PE,127,PE-TUM
PE,127,PE-UCA
PE,190,PE-LMA
PG,137,PG-NCD
PG,173,PG-CPK
PG,173,PG-CPM
PG,173,PG-EBR
PG,173,PG-EHG
PG,173,PG-EPW
PG,173,PG-ESW
PG,173,PG-GPK
PG,173,PG-HLA
PG,173,PG-JWK
PG,173,PG-MBA
PG,173,PG-MPL
PG,173,PG-MPM
PG,173,PG-MRL
PG,173,PG-NIK
PG,173,PG-NPP
PG,173,PG-SAN
PG,173,PG-SHM
PG,173,PG-WBK
PG,173,PG-WHM
PG,173,PG-WPD
PG,186,PG-NSB
PH,128,PH-00
PH,128,PH-01
PH,260,PH-ILN
PH,260,PH-ILS
PH,260,PH-LUN
PH,260,PH-PAN
PH,128,PH-02
PH,260,PH-BTN
PH,260,PH-CAG
PH,260,PH-ISA
PH,260,PH-NUV
PH,260,PH-QUI
PH,128,PH-03
PH,260,PH-AUR
PH,260,PH-BAN
PH,260,PH-BUL
PH,260,PH-NUE
PH,260,PH-PAM
PH,260,PH-TAR
PH,260,PH-ZMB
PH,128,PH-05
PH,260,PH-ALB
PH,260,PH-CAN
PH,260,PH-CAS
PH,260,PH-CAT
PH,260,PH-MAS
PH,260,PH-SOR
PH,128,PH-06
PH,260,PH-AKL
PH,260,PH-ANT
PH,260,PH-CAP
PH,260,PH-GUI
PH,260,PH-ILI
PH,260,PH-NEC
PH,128,PH-07
PH,260,PH-BOH
PH,260,PH-CEB
PH,260,PH-NER
PH,260,PH-SIG
PH,128,PH-08
PH,260,PH-BIL
PH,260,PH-EAS
PH,260,PH-LEY
PH,260,PH-NSA
PH,260,PH-SLE
PH,260,PH-WSA
PH,128,PH-09
PH,260,PH-BAS
PH,260,PH-ZAN
PH,260,PH-ZAS
PH,260,PH-ZSI
PH,128,PH-10
PH,260,PH-BUK
PH,260,PH-CAM
PH,260,PH-MSC
PH,260,PH-MSR
PH,128,PH-11
PH,260,PH-COM
PH,260,PH-DAO
PH,260,PH-DAS
PH,260,PH-DAV
PH,260,PH-DVO
PH,260,PH-SAR
PH,260,PH-SCO
PH,128,PH-12
PH,260,PH-LAN
PH,260,PH-NCO
PH,260,PH-SUK
PH,128,PH-13
PH,260,PH-AGN
PH,260,PH-AGS
PH,260,PH-DIN
PH,260,PH-SUN
PH,260,PH-SUR
PH,128,PH-14
PH,260,PH-LAS
PH,260,PH-MAG
PH,260,PH-SLU
PH,260,PH-TAW
PH,128,PH-15
PH,260,PH-ABR
PH,260,PH-APA
PH,260,PH-BEN
PH,260,PH-IFU
PH,260,PH-KAL
PH,260,PH-MOU
PH,128,PH-40
PH,260,PH-BTG
PH,260,PH-CAV
PH,260,PH-LAG
PH,260,PH-QUE
PH,260,PH-RIZ
PH,128,PH-41
PH,260,PH-MAD
PH,260,PH-MDC
PH,260,PH-MDR
PH,260,PH-PLW
PH,260,PH-ROM
PK,138,PK-GB
PK,138,PK-JK
PK,191,PK-IS
PK,261,PK-BA
PK,261,PK-KP
PK,261,PK-PB
PK,261,PK-SD
PL,217,PL-02
PL,217,PL-04
PL,217,PL-06
PL,217,PL-08
PL,217,PL-10
PL,217,PL-12
PL,217,PL-14
PL,217,PL-16
PL,217,PL-18
PL,217,PL-20
PL,217,PL-22
PL,217,PL-24
PL,217,PL-26
PL,217,PL-28
PL,217,PL-30
PL,217,PL-32
PS,349,PS-BTH
PS,349,PS-DEB
PS,349,PS-GZA
PS,349,PS-HBN
PS,349,PS-JEM
PS,349,PS-JEN
PS,349,PS-JRH
PS,349,PS-KYS
PS,349,PS-NBS
PS,349,PS-NGZ
PS,349,PS-QQA
PS,349,PS-RBH
PS,349,PS-RFH
PS,349,PS-SLT
PS,349,PS-TBS
PS,349,PS-TKM
PT,270,PT-20
PT,270,PT-30
PT,304,PT-01
PT,304,PT-02
PT,304,PT-03
PT,304,PT-04
PT,304,PT-05
PT,304,PT-06
PT,304,PT-07
PT,304,PT-08
PT,304,PT-09
PT,304,PT-10
PT,304,PT-11
PT,304,PT-12
PT,304,PT-13
PT,304,PT-14
PT,304,PT-15
PT,304,PT-16
PT,304,PT-17
PT,304,PT-18
PW,129,PW-002
PW,129,PW-004
PW,129,PW-010
PW,129,PW-050
PW,129,PW-100
PW,129,PW-150
PW,129,PW-212
PW,129,PW-214
PW,129,PW-218
PW,129,PW-222
PW,129,PW-224
PW,129,PW-226
PW,129,PW-227
PW,129,PW-228
PW,129,PW-350
PW,129,PW-370
PY,295,PY-1
PY,295,PY-10
PY,295,PY-11
PY,295,PY-12
PY,295,PY-13
PY,295,PY-14
PY,295,PY-15
PY,295,PY-16
PY,295,PY-19
PY,295,PY-2
PY,295,PY-3
PY,295,PY-4
PY,295,PY-5
PY,295,PY-6
PY,295,PY-7
PY,295,PY-8
PY,295,PY-9
PY,350,PY-ASU
QA,179,QA-DA
QA,179,QA-KH
QA,179,QA-MS
QA,179,QA-RA
QA,179,QA-SH
QA,179,QA-US
QA,179,QA-WA
QA,179,QA-ZA
RO,296,RO-AB
RO,296,RO-AG
RO,296,RO-AR
RO,296,RO-BC
RO,296,RO-BH
RO,296,RO-BN
RO,296,RO-BR
RO,296,RO-BT
RO,296,RO-BV
RO,296,RO-BZ
RO,296,RO-CJ
RO,296,RO-CL
RO,296,RO-CS
RO,296,RO-CT
RO,296,RO-CV
RO,296,RO-DB
RO,296,RO-DJ
RO,296,RO-GJ
RO,296,RO-GL
RO,296,RO-GR
RO,296,RO-HD
RO,296,RO-HR
RO,296,RO-IF
RO,296,RO-IL
RO,296,RO-IS
RO,296,RO-MH
RO,296,RO-MM
RO,296,RO-MS
RO,296,RO-NT
RO,296,RO-OT
RO,296,RO-PH
RO,296,RO-SB
RO,296,RO-SJ
RO,296,RO-SM
RO,296,RO-SV
RO,296,RO-TL
RO,296,RO-TM
RO,296,RO-TR
RO,296,RO-VL
RO,296,RO-VN
RO,296,RO-VS
RO,308,RO-B
RS,224,RS-KM
RS,337,RS-25
RS,337,RS-26
RS,337,RS-27
RS,337,RS-28
RS,337,RS-29
RS,224,RS-VO
RS,337,RS-01
RS,337,RS-02
RS,337,RS-03
RS,337,RS-04
RS,337,RS-05
RS,337,RS-06
RS,337,RS-07
RS,271,RS-00
RS,337,RS-08
RS,337,RS-09
RS,337,RS-10
RS,337,RS-11
RS,337,RS-12
RS,337,RS-13
RS,337,RS-14
RS,337,RS-15
RS,337,RS-16
RS,337,RS-17
RS,337,RS-18
RS,337,RS-19
RS,337,RS-20
RS,337,RS-21
RS,337,RS-22
RS,337,RS-23
RS,337,RS-24
RU,290,RU-AMU
RU,290,RU-ARK
RU,290,RU-AST
RU,290,RU-BEL
RU,290,RU-BRY
RU,290,RU-CHE
RU,290,RU-IRK
RU,290,RU-IVA
RU,290,RU-KEM
RU,290,RU-KGD
RU,290,RU-KGN
RU,290,RU-KIR
RU,290,RU-KLU
RU,290,RU-KOS
RU,290,RU-KRS
RU,290,RU-LEN
RU,290,RU-LIP
RU,290,RU-MAG
RU,290,RU-MOS
RU,290,RU-MUR
RU,290,RU-NGR
RU,290,RU-NIZ
RU,290,RU-NVS
RU,290,RU-OMS
RU,290,RU-ORE
RU,290,RU-ORL
RU,290,RU-PNZ
RU,290,RU-PSK
RU,290,RU-ROS
RU,290,RU-RYA
RU,290,RU-SAK
RU,290,RU-SAM
RU,290,RU-SAR
RU,290,RU-SMO
RU,290,RU-SVE
RU,290,RU-TAM
RU,290,RU-TOM
RU,290,RU-TUL
RU,290,RU-TVE
RU,290,RU-TYU
RU,290,RU-ULY
RU,290,RU-VGG
RU,290,RU-VLA
RU,290,RU-VLG
RU,290,RU-VOR
RU,290,RU-YAR
RU,309,RU-CHU
RU,309,RU-KHM
RU,309,RU-NEN
RU,309,RU-YAN
RU,311,RU-MOW
RU,311,RU-SPE
RU,355,RU-YEV
RU,396,RU-ALT
RU,396,RU-KAM
RU,396,RU-KDA
RU,396,RU-KHA
RU,396,RU-KYA
RU,396,RU-PER
RU,396,RU-PRI
RU,396,RU-STA
RU,396,RU-ZAB
RU,433,RU-AD
RU,433,RU-AL
RU,433,RU-BA
RU,433,RU-BU
RU,433,RU-CE
RU,433,RU-CU
RU,433,RU-DA
RU,433,RU-IN
RU,433,RU-KB
RU,433,RU-KC
RU,433,RU-KK
RU,433,RU-KL
RU,433,RU-KO
RU,433,RU-KR
RU,433,RU-ME
RU,433,RU-MO
RU,433,RU-SA
RU,433,RU-SE
RU,433,RU-TA
RU,433,RU-TY
RU,433,RU-UD
RW,267,RW-01
RW,343,RW-02
RW,343,RW-03
RW,343,RW-04
RW,343,RW-05
SA,214,SA-01
SA,214,SA-02
SA,214,SA-03
SA,214,SA-04
SA,214,SA-05
SA,214,SA-06
SA,214,SA-07
SA,214,SA-08
SA,214,SA-09
SA,214,SA-10
SA,214,SA-11
SA,214,SA-12
SA,214,SA-14
SB,122,SB-CE
SB,122,SB-CH
SB,122,SB-GU
SB,122,SB-IS
SB,122,SB-MK
SB,122,SB-ML
SB,122,SB-RB
SB,122,SB-TE
SB,122,SB-WE
SB,229,SB-CT
SC,164,SC-01
SC,164,SC-02
SC,164,SC-03
SC,164,SC-04
SC,164,SC-05
SC,164,SC-06
SC,164,SC-07
SC,164,SC-08
SC,164,SC-09
SC,164,SC-10
SC,164,SC-11
SC,164,SC-12
SC,164,SC-13
SC,164,SC-14
SC,164,SC-15
SC,164,SC-16
SC,164,SC-17
SC,164,SC-18
SC,164,SC-19
SC,164,SC-20
SC,164,SC-21
SC,164,SC-22
SC,164,SC-23
SC,164,SC-24
SC,164,SC-25
SC,164,SC-26
SC,164,SC-27
SD,395,SD-DC
SD,395,SD-DE
SD,395,SD-DN
SD,395,SD-DS
SD,395,SD-DW
SD,395,SD-GD
SD,395,SD-GK
SD,395,SD-GZ
SD,395,SD-KA
SD,395,SD-KH
SD,395,SD-KN
SD,395,SD-KS
SD,395,SD-NB
SD,395,SD-NO
SD,395,SD-NR
SD,395,SD-NW
SD,395,SD-RS
SD,395,SD-SI
SE,422,SE-AB
SE,422,SE-AC
SE,422,SE-BD
SE,422,SE-C
SE,422,SE-D
SE,422,SE-E
SE,422,SE-F
SE,422,SE-G
SE,422,SE-H
SE,422,SE-I
SE,422,SE-K
SE,422,SE-M
SE,422,SE-N
SE,422,SE-O
SE,422,SE-S
SE,422,SE-T
SE,422,SE-U
SE,422,SE-W
SE,422,SE-X
SE,422,SE-Y
SE,422,SE-Z
SG,215,SG-01
SG,215,SG-02
SG,215,SG-03
SG,215,SG-04
SG,215,SG-05
SH,230,SH-AC
SH,230,SH-HL
SH,230,SH-TA
SI,423,SI-001
SI,423,SI-002
SI,423,SI-003
SI,423,SI-004
SI,423,SI-005
SI,423,SI-006
SI,423,SI-007
SI,423,SI-008
SI,423,SI-009
SI,423,SI-010
SI,423,SI-011
SI,423,SI-012
SI,423,SI-013
SI,423,SI-014
SI,423,SI-015
SI,423,SI-016
SI,423,SI-017
SI,423,SI-018
SI,423,SI-019
SI,423,SI-020
SI,423,SI-021
SI,423,SI-022
SI,423,SI-023
SI,423,SI-024
SI,423,SI-025
SI,423,SI-026
SI,423,SI-027
SI,423,SI-028
SI,423,SI-029
SI,423,SI-030
SI,423,SI-031
SI,423,SI-032
SI,423,SI-033
SI,423,SI-034
SI,423,SI-035
SI,423,SI-036
SI,423,SI-037
SI,423,SI-038
SI,423,SI-039
SI,423,SI-040
SI,423,SI-041
SI,423,SI-042
SI,423,SI-043
SI,423,SI-044
SI,423,SI-045
SI,423,SI-046
SI,423,SI-047
SI,423,SI-048
SI,423,SI-049
SI,423,SI-050
SI,423,SI-051
SI,423,SI-052
SI,423,SI-053
SI,423,SI-054
SI,423,SI-055
SI,423,SI-056
SI,423,SI-057
SI,423,SI-058
SI,423,SI-059
SI,423,SI-060
SI,423,SI-061
SI,423,SI-062
SI,423,SI-063
SI,423,SI-064
SI,423,SI-065
SI,423,SI-066
SI,423,SI-067
SI,423,SI-068
SI,423,SI-069
SI,423,SI-070
SI,423,SI-071
SI,423,SI-072
SI,423,SI-073
SI,423,SI-074
SI,423,SI-075
SI,423,SI-076
SI,423,SI-077
SI,423,SI-078
SI,423,SI-079
SI,423,SI-080
SI,423,SI-081
SI,423,SI-082
SI,423,SI-083
SI,423,SI-084
SI,423,SI-085
SI,423,SI-086
SI,423,SI-087
SI,423,SI-088
SI,423,SI-089
SI,423,SI-090
SI,423,SI-091
SI,423,SI-092
SI,423,SI-093
SI,423,SI-094
SI,423,SI-095
SI,423,SI-096
SI,423,SI-097
SI,423,SI-098
SI,423,SI-099
SI,423,SI-100
SI,423,SI-101
SI,423,SI-102
SI,423,SI-103
SI,423,SI-104
SI,423,SI-105
SI,423,SI-106
SI,423,SI-107
SI,423,SI-108
SI,423,SI-109
SI,423,SI-110
SI,423,SI-111
SI,423,SI-112
SI,423,SI-113
SI,423,SI-114
SI,423,SI-115
SI,423,SI-116
SI,423,SI-117
SI,423,SI-118
SI,423,SI-119
SI,423,SI-120
SI,423,SI-121
SI,423,SI-122
SI,423,SI-123
SI,423,SI-124
SI,423,SI-125
SI,423,SI-126
SI,423,SI-127
SI,423,SI-128
SI,423,SI-129
SI,423,SI-130
SI,423,SI-131
SI,423,SI-132
SI,423,SI-133
SI,423,SI-134
SI,423,SI-135
SI,423,SI-136
SI,423,SI-137
SI,423,SI-138
SI,423,SI-139
SI,423,SI-140
SI,423,SI-141
SI,423,SI-142
SI,423,SI-143
SI,423,SI-144
SI,423,SI-146
SI,423,SI-147
SI,423,SI-148
SI,423,SI-149
SI,423,SI-150
SI,423,SI-151
SI,423,SI-152
SI,423,SI-153
SI,423,SI-154
SI,423,SI-155
SI,423,SI-156
SI,423,SI-157
SI,423,SI-158
SI,423,SI-159
SI,423,SI-160
SI,423,SI-161
SI,423,SI-162
SI,423,SI-163
SI,423,SI-164
SI,423,SI-165
SI,423,SI-166
SI,423,SI-167
SI,423,SI-168
SI,423,SI-169
SI,423,SI-170
SI,423,SI-171
SI,423,SI-172
SI,423,SI-173
SI,423,SI-174
SI,423,SI-175
SI,423,SI-176
SI,423,SI-177
SI,423,SI-178
SI,423,SI-179
SI,423,SI-180
SI,423,SI-181
SI,423,SI-182
SI,423,SI-183
SI,423,SI-184
SI,423,SI-185
SI,423,SI-186
SI,423,SI-187
SI,423,SI-188
SI,423,SI-189
SI,423,SI-190
SI,423,SI-191
SI,423,SI-192
SI,423,SI-193
SI,423,SI-194
SI,423,SI-195
SI,423,SI-196
SI,423,SI-197
SI,423,SI-198
SI,423,SI-199
SI,423,SI-200
SI,423,SI-201
SI,423,SI-202
SI,423,SI-203
SI,423,SI-204
SI,423,SI-205
SI,423,SI-206
SI,423,SI-207
SI,423,SI-208
SI,423,SI-209
SI,423,SI-210
SI,423,SI-211
SI,423,SI-212
SI,423,SI-213
SK,250,SK-BC
SK,250,SK-BL
SK,250,SK-KI
SK,250,SK-NI
SK,250,SK-PV
SK,250,SK-TA
SK,250,SK-TC
SK,250,SK-ZI
SL,359,SL-W
SL,424,SL-E
SL,424,SL-N
SL,424,SL-NW
SL,424,SL-S
SM,165,SM-01
SM,165,SM-02
SM,165,SM-03
SM,165,SM-04
SM,165,SM-05
SM,165,SM-06
SM,165,SM-07
SM,165,SM-08
SM,165,SM-09
SN,175,SN-DB
SN,175,SN-DK
SN,175,SN-FK
SN,175,SN-KA
SN,175,SN-KD
SN,175,SN-KE
SN,175,SN-KL
SN,175,SN-LG
SN,175,SN-MT
SN,175,SN-SE
SN,175,SN-SL
SN,175,SN-TC
SN,175,SN-TH
SN,175,SN-ZG
SO,303,SO-AW
SO,303,SO-BK
SO,303,SO-BN
SO,303,SO-BR
SO,303,SO-BY
SO,303,SO-GA
SO,303,SO-GE
SO,303,SO-HI
SO,303,SO-JD
SO,303,SO-JH
SO,303,SO-MU
SO,303,SO-NU
SO,303,SO-SA
SO,303,SO-SD
SO,303,SO-SH
SO,303,SO-SO
SO,303,SO-TO
SO,303,SO-WO
SR,123,SR-BR
SR,123,SR-CM
SR,123,SR-CR
SR,123,SR-MA
SR,123,SR-NI
SR,123,SR-PM
SR,123,SR-PR
SR,123,SR-SA
SR,123,SR-SI
SR,123,SR-WA
SS,306,SS-BN
SS,306,SS-BW
SS,306,SS-EC
SS,306,SS-EE
SS,306,SS-EW
SS,306,SS-JG
SS,306,SS-LK
SS,306,SS-NU
SS,306,SS-UY
SS,306,SS-WR
ST,133,ST-P
ST,487,ST-01
ST,487,ST-02
ST,487,ST-03
ST,487,ST-04
ST,487,ST-05
ST,487,ST-06
SV,379,SV-AH
SV,379,SV-CA
SV,379,SV-CH
SV,379,SV-CU
SV,379,SV-LI
SV,379,SV-MO
SV,379,SV-PA
SV,379,SV-SA
SV,379,SV-SM
SV,379,SV-SO
SV,379,SV-SS
SV,379,SV-SV
SV,379,SV-UN
SV,379,SV-US
SY,251,SY-DI
SY,251,SY-DR
SY,251,SY-DY
SY,251,SY-HA
SY,251,SY-HI
SY,251,SY-HL
SY,251,SY-HM
SY,251,SY-ID
SY,251,SY-LA
SY,251,SY-QU
SY,251,SY-RA
SY,251,SY-RD
SY,251,SY-SU
SY,251,SY-TA
SZ,166,SZ-HH
SZ,166,SZ-LU
SZ,166,SZ-MA
SZ,166,SZ-SH
TD,380,TD-BA
TD,380,TD-BG
TD,380,TD-BO
TD,380,TD-CB
TD,380,TD-EE
TD,380,TD-EO
TD,380,TD-GR
TD,380,TD-HL
TD,380,TD-KA
TD,380,TD-LC
TD,380,TD-LO
TD,380,TD-LR
TD,380,TD-MA
TD,380,TD-MC
TD,380,TD-ME
TD,380,TD-MO
TD,380,TD-ND
TD,380,TD-OD
TD,380,TD-SA
TD,380,TD-SI
TD,380,TD-TA
TD,380,TD-TI
TD,380,TD-WF
TG,252,TG-C
TG,252,TG-K
TG,252,TG-M
TG,252,TG-P
TG,252,TG-S
TH,134,TH-10
TH,291,TH-11
TH,291,TH-12
TH,291,TH-13
TH,291,TH-14
TH,291,TH-15
TH,291,TH-16
TH,291,TH-17
TH,291,TH-18
TH,291,TH-19
TH,291,TH-20
TH,291,TH-21
TH,291,TH-22
TH,291,TH-23
TH,291,TH-24
TH,291,TH-25
TH,291,TH-26
TH,291,TH-27
TH,291,TH-30
TH,291,TH-31
TH,291,TH-32
TH,291,TH-33
TH,291,TH-34
TH,291,TH-35
TH,291,TH-36
TH,291,TH-37
TH,291,TH-38
TH,291,TH-39
TH,291,TH-40
TH,291,TH-41
TH,291,TH-42
TH,291,TH-43
TH,291,TH-44
TH,291,TH-45
TH,291,TH-46
TH,291,TH-47
TH,291,TH-48
TH,291,TH-49
TH,291,TH-50
TH,291,TH-51
TH,291,TH-52
TH,291,TH-53
TH,291,TH-54
TH,291,TH-55
TH,291,TH-56
TH,291,TH-57
TH,291,TH-58
TH,291,TH-60
TH,291,TH-61
TH,291,TH-62
TH,291,TH-63
TH,291,TH-64
TH,291,TH-65
TH,291,TH-66
TH,291,TH-67
TH,291,TH-70
TH,291,TH-71
TH,291,TH-72
TH,291,TH-73
TH,291,TH-74
TH,291,TH-75
TH,291,TH-76
TH,291,TH-77
TH,291,TH-80
TH,291,TH-81
TH,291,TH-82
TH,291,TH-83
TH,291,TH-84
TH,291,TH-85
TH,291,TH-86
TH,291,TH-90
TH,291,TH-91
TH,291,TH-92
TH,291,TH-93
TH,291,TH-94
TH,291,TH-95
TH,291,TH-96
TH,348,TH-S
TJ,145,TJ-KT
TJ,145,TJ-SU
TJ,315,TJ-GB
TJ,458,TJ-DU
TJ,472,TJ-RA
TL,253,TL-AL
TL,253,TL-AN
TL,253,TL-BA
TL,253,TL-BO
TL,253,TL-CO
TL,253,TL-DI
TL,253,TL-ER
TL,253,TL-LA
TL,253,TL-LI
TL,253,TL-MF
TL,253,TL-MT
TL,253,TL-VI
TL,478,TL-OE
TM,292,TM-S
TM,425,TM-A
TM,425,TM-B
TM,425,TM-D
TM,425,TM-L
TM,425,TM-M
TN,124,TN-11
TN,124,TN-12
TN,124,TN-13
TN,124,TN-14
TN,124,TN-21
TN,124,TN-22
TN,124,TN-23
TN,124,TN-31
TN,124,TN-32
TN,124,TN-33
TN,124,TN-34
TN,124,TN-41
TN,124,TN-42
TN,124,TN-43
TN,124,TN-51
TN,124,TN-52
TN,124,TN-53
TN,124,TN-61
TN,124,TN-71
TN,124,TN-72
TN,124,TN-73
TN,124,TN-81
TN,124,TN-82
TN,124,TN-83
TO,381,TO-01
TO,381,TO-02
TO,381,TO-03
TO,381,TO-04
TO,381,TO-05
TR,426,TR-01
TR,426,TR-02
TR,426,TR-03
TR,426,TR-04
TR,426,TR-05
TR,426,TR-06
TR,426,TR-07
TR,426,TR-08
TR,426,TR-09
TR,426,TR-10
TR,426,TR-11
TR,426,TR-12
TR,426,TR-13
TR,426,TR-14
TR,426,TR-15
TR,426,TR-16
TR,426,TR-17
TR,426,TR-18
TR,426,TR-19
TR,426,TR-20
TR,426,TR-21
TR,426,TR-22
TR,426,TR-23
TR,426,TR-24
TR,426,TR-25
TR,426,TR-26
TR,426,TR-27
TR,426,TR-28
TR,426,TR-29
TR,426,TR-30
TR,426,TR-31
TR,426,TR-32
TR,426,TR-33
TR,426,TR-34
TR,426,TR-35
TR,426,TR-36
TR,426,TR-37
TR,426,TR-38
TR,426,TR-39
TR,426,TR-40
TR,426,TR-41
TR,426,TR-42
TR,426,TR-43
TR,426,TR-44
TR,426,TR-45
TR,426,TR-46
TR,426,TR-47
TR,426,TR-48
TR,426,TR-49
TR,426,TR-50
TR,426,TR-51
TR,426,TR-52
TR,426,TR-53
TR,426,TR-54
TR,426,TR-55
TR,426,TR-56
TR,426,TR-57
TR,426,TR-58
TR,426,TR-59
TR,426,TR-60
TR,426,TR-61
TR,426,TR-62
TR,426,TR-63
TR,426,TR-64
TR,426,TR-65
TR,426,TR-66
TR,426,TR-67
TR,426,TR-68
TR,426,TR-69
TR,426,TR-70
TR,426,TR-71
TR,426,TR-72
TR,426,TR-73
TR,426,TR-74
TR,426,TR-75
TR,426,TR-76
TR,426,TR-77
TR,426,TR-78
TR,426,TR-79
TR,426,TR-80
TR,426,TR-81
TT,167,TT-ARI
TT,167,TT-CHA
TT,167,TT-PTF
TT,176,TT-CTT
TT,176,TT-DMN
TT,176,TT-MRC
TT,176,TT-PED
TT,176,TT-PRT
TT,176,TT-SGE
TT,176,TT-SIP
TT,176,TT-SJL
TT,176,TT-TUP
TT,463,TT-TOB
TT,488,TT-POS
TT,488,TT-SFO
TV,177,TV-NIT
TV,177,TV-NKF
TV,177,TV-NKL
TV,177,TV-NMA
TV,177,TV-NMG
TV,177,TV-NUI
TV,177,TV-VAI
TV,307,TV-FUN
TW,136,TW-CYI
TW,136,TW-HSZ
TW,136,TW-KEE
TW,223,TW-KHH
TW,223,TW-NWT
TW,223,TW-TAO
TW,223,TW-TNN
TW,223,TW-TPE
TW,223,TW-TXG
TW,344,TW-CHA
TW,344,TW-CYQ
TW,344,TW-HSQ
TW,344,TW-HUA
TW,344,TW-ILA
TW,344,TW-KIN
TW,344,TW-LIE
TW,344,TW-MIA
TW,344,TW-NAN
TW,344,TW-PEN
TW,344,TW-PIF
TW,344,TW-TTT
TW,344,TW-YUN
TZ,427,TZ-01
TZ,427,TZ-02
TZ,427,TZ-03
TZ,427,TZ-04
TZ,427,TZ-05
TZ,427,TZ-06
TZ,427,TZ-07
TZ,427,TZ-08
TZ,427,TZ-09
TZ,427,TZ-10
TZ,427,TZ-11
TZ,427,TZ-12
TZ,427,TZ-13
TZ,427,TZ-14
TZ,427,TZ-15
TZ,427,TZ-16
TZ,427,TZ-17
TZ,427,TZ-18
TZ,427,TZ-19
TZ,427,TZ-20
TZ,427,TZ-21
TZ,427,TZ-22
TZ,427,TZ-23
TZ,427,TZ-24
TZ,427,TZ-25
TZ,427,TZ-26
TZ,427,TZ-27
TZ,427,TZ-28
TZ,427,TZ-29
TZ,427,TZ-30
TZ,427,TZ-31
UA,382,UA-30
UA,382,UA-40
UA,383,UA-05
UA,383,UA-07
UA,383,UA-09
UA,383,UA-12
UA,383,UA-14
UA,383,UA-18
UA,383,UA-21
UA,383,UA-23
UA,383,UA-26
UA,383,UA-32
UA,383,UA-35
UA,383,UA-46
UA,383,UA-48
UA,383,UA-51
UA,383,UA-53
UA,383,UA-56
UA,383,UA-59
UA,383,UA-61
UA,383,UA-63
UA,383,UA-65
UA,383,UA-68
UA,383,UA-71
UA,383,UA-74
UA,383,UA-77
UA,400,UA-43
UG,254,UG-C
UG,334,UG-101
UG,334,UG-103
UG,334,UG-104
UG,334,UG-105
UG,334,UG-106
UG,334,UG-107
UG,334,UG-108
UG,334,UG-109
UG,334,UG-110
UG,334,UG-111
UG,334,UG-112
UG,334,UG-113
UG,334,UG-114
UG,334,UG-115
UG,334,UG-116
UG,334,UG-117
UG,334,UG-118
UG,334,UG-119
UG,334,UG-120
UG,334,UG-121
UG,334,UG-122
UG,334,UG-123
UG,334,UG-124
UG,334,UG-125
UG,334,UG-126
UG,459,UG-102
UG,254,UG-E
UG,334,UG-201
UG,334,UG-202
UG,334,UG-203
UG,334,UG-204
UG,334,UG-205
UG,334,UG-206
UG,334,UG-207
UG,334,UG-208
UG,334,UG-209
UG,334,UG-210
UG,334,UG-211
UG,334,UG-212
UG,334,UG-213
UG,334,UG-214
UG,334,UG-215
UG,334,UG-216
UG,334,UG-217
UG,334,UG-218
UG,334,UG-219
UG,334,UG-220
UG,334,UG-221
UG,334,UG-222
UG,334,UG-223
UG,334,UG-224
UG,334,UG-225
UG,334,UG-226
UG,334,UG-227
UG,334,UG-228
UG,334,UG-229
UG,334,UG-230
UG,334,UG-231
UG,334,UG-232
UG,334,UG-233
UG,334,UG-234
UG,334,UG-235
UG,334,UG-236
UG,334,UG-237
UG,254,UG-N
UG,334,UG-301
UG,334,UG-302
UG,334,UG-303
UG,334,UG-304
UG,334,UG-305
UG,334,UG-306
UG,334,UG-307
UG,334,UG-308
UG,334,UG-309
UG,334,UG-310
UG,334,UG-311
UG,334,UG-312
UG,334,UG-313
UG,334,UG-314
UG,334,UG-315
UG,334,UG-316
UG,334,UG-317
UG,334,UG-318
UG,334,UG-319
UG,334,UG-320
UG,334,UG-321
UG,334,UG-322
UG,334,UG-323
UG,334,UG-324
UG,334,UG-325
UG,334,UG-326
UG,334,UG-327
UG,334,UG-328
UG,334,UG-329
UG,334,UG-330
UG,334,UG-331
UG,334,UG-332
UG,334,UG-333
UG,334,UG-334
UG,334,UG-335
UG,334,UG-336
UG,334,UG-337
UG,254,UG-W
UG,334,UG-401
UG,334,UG-402
UG,334,UG-403
UG,334,UG-404
UG,334,UG-405
UG,334,UG-406
UG,334,UG-407
UG,334,UG-408
UG,334,UG-409
UG,334,UG-410
UG,334,UG-411
UG,334,UG-412
UG,334,UG-413
UG,334,UG-414
UG,334,UG-415
UG,334,UG-416
UG,334,UG-417
UG,334,UG-418
UG,334,UG-419
UG,334,UG-420
UG,334,UG-421
UG,334,UG-422
UG,334,UG-423
UG,334,UG-424
UG,334,UG-425
UG,334,UG-426
UG,334,UG-427
UG,334,UG-428
UG,334,UG-429
UG,334,UG-430
UG,334,UG-431
UG,334,UG-432
UG,334,UG-433
UG,334,UG-434
UG,334,UG-435
UM,255,UM-67
UM,255,UM-71
UM,255,UM-76
UM,255,UM-79
UM,255,UM-81
UM,255,UM-84
UM,255,UM-86
UM,255,UM-89
UM,255,UM-95
US,141,US-DC
US,265,US-AS
US,265,US-GU
US,265,US-MP
US,265,US-PR
US,265,US-UM
US,265,US-VI
US,335,US-AK
US,335,US-AL
US,335,US-AR
US,335,US-AZ
US,335,US-CA
US,335,US-CO
US,335,US-CT
US,335,US-DE
US,335,US-FL
US,335,US-GA
US,335,US-HI
US,335,US-IA
US,335,US-ID
US,335,US-IL
US,335,US-IN
US,335,US-KS
US,335,US-KY
US,335,US-LA
US,335,US-MA
US,335,US-MD
US,335,US-ME
US,335,US-MI
US,335,US-MN
US,335,US-MO
US,335,US-MS
US,335,US-MT
US,335,US-NC
US,335,US-ND
US,335,US-NE
US,335,US-NH
US,335,US-NJ
US,335,US-NM
US,335,US-NV
US,335,US-NY
US,335,US-OH
US,335,US-OK
US,335,US-OR
US,335,US-PA
US,335,US-RI
US,335,US-SC
US,335,US-SD
US,335,US-TN
US,335,US-TX
US,335,US-UT
US,335,US-VA
US,335,US-VT
US,335,US-WA
US,335,US-WI
US,335,US-WV
US,335,US-WY
UY,125,UY-AR
UY,125,UY-CA
UY,125,UY-CL
UY,125,UY-CO
UY,125,UY-DU
UY,125,UY-FD
UY,125,UY-FS
UY,125,UY-LA
UY,125,UY-MA
UY,125,UY-MO
UY,125,UY-PA
UY,125,UY-RN
UY,125,UY-RO
UY,125,UY-RV
UY,125,UY-SA
UY,125,UY-SJ
UY,125,UY-SO
UY,125,UY-TA
UY,125,UY-TT
UZ,216,UZ-AN
UZ,216,UZ-BU
UZ,216,UZ-FA
UZ,216,UZ-JI
UZ,216,UZ-NG
UZ,216,UZ-NW
UZ,216,UZ-QA
UZ,216,UZ-SA
UZ,216,UZ-SI
UZ,216,UZ-SU
UZ,216,UZ-TO
UZ,216,UZ-XO
UZ,293,UZ-QR
UZ,445,UZ-TK
VC,384,VC-01
VC,384,VC-02
VC,384,VC-03
VC,384,VC-04
VC,384,VC-05
VC,384,VC-06
VE,256,VE-B
VE,256,VE-C
VE,256,VE-D
VE,256,VE-E
VE,256,VE-F
VE,256,VE-G
VE,256,VE-H
VE,256,VE-I
VE,256,VE-J
VE,256,VE-K
VE,256,VE-L
VE,256,VE-M
VE,256,VE-N
VE,256,VE-O
VE,256,VE-P
VE,256,VE-R
VE,256,VE-S
VE,256,VE-T
VE,256,VE-U
VE,256,VE-V
VE,256,VE-X
VE,256,VE-Y
VE,256,VE-Z
VE,312,VE-W
VE,385,VE-A
VN,126,VN-01
VN,126,VN-02
VN,126,VN-03
VN,126,VN-04
VN,126,VN-05
VN,126,VN-06
VN,126,VN-07
VN,126,VN-09
VN,126,VN-13
VN,126,VN-14
VN,126,VN-18
VN,126,VN-20
VN,126,VN-21
VN,126,VN-22
VN,126,VN-23
VN,126,VN-24
VN,126,VN-25
VN,126,VN-26
VN,126,VN-27
VN,126,VN-28
VN,126,VN-29
VN,126,VN-30
VN,126,VN-31
VN,126,VN-32
VN,126,VN-33
VN,126,VN-34
VN,126,VN-35
VN,126,VN-36
VN,126,VN-37
VN,126,VN-39
VN,126,VN-40
VN,126,VN-41
VN,126,VN-43
VN,126,VN-44
VN,126,VN-45
VN,126,VN-46
VN,126,VN-47
VN,126,VN-49
VN,126,VN-50
VN,126,VN-51
VN,126,VN-52
VN,126,VN-53
VN,126,VN-54
VN,126,VN-55
VN,126,VN-56
VN,126,VN-57
VN,126,VN-58
VN,126,VN-59
VN,126,VN-61
VN,126,VN-63
VN,126,VN-66
VN,126,VN-67
VN,126,VN-68
VN,126,VN-69
VN,126,VN-70
VN,126,VN-71
VN,126,VN-72
VN,126,VN-73
VN,294,VN-CT
VN,294,VN-DN
VN,294,VN-HN
VN,294,VN-HP
VN,294,VN-SG
VU,170,VU-MAP
VU,170,VU-PAM
VU,170,VU-SAM
VU,170,VU-SEE
VU,170,VU-TAE
VU,170,VU-TOB
WF,464,WF-AL
WF,464,WF-SG
WF,464,WF-UV
WS,171,WS-AA
WS,171,WS-AL
WS,171,WS-AT
WS,171,WS-FA
WS,171,WS-GE
WS,171,WS-GI
WS,171,WS-PA
WS,171,WS-SA
WS,171,WS-TU
WS,171,WS-VF
WS,171,WS-VS
YE,142,YE-SA
YE,386,YE-AB
YE,386,YE-AD
YE,386,YE-AM
YE,386,YE-BA
YE,386,YE-DA
YE,386,YE-DH
YE,386,YE-HD
YE,386,YE-HJ
YE,386,YE-HU
YE,386,YE-IB
YE,386,YE-JA
YE,386,YE-LA
YE,386,YE-MA
YE,386,YE-MR
YE,386,YE-MW
YE,386,YE-RA
YE,386,YE-SD
YE,386,YE-SH
YE,386,YE-SN
YE,386,YE-SU
YE,386,YE-TA
ZA,428,ZA-EC
ZA,428,ZA-FS
ZA,428,ZA-GP
ZA,428,ZA-KZN
ZA,428,ZA-LP
ZA,428,ZA-MP
ZA,428,ZA-NC
ZA,428,ZA-NW
ZA,428,ZA-WC
ZM,168,ZM-01
ZM,168,ZM-02
ZM,168,ZM-03
ZM,168,ZM-04
ZM,168,ZM-05
ZM,168,ZM-06
ZM,168,ZM-07
ZM,168,ZM-08
ZM,168,ZM-09
ZM,168,ZM-10
ZW,169,ZW-BU
ZW,169,ZW-HA
ZW,169,ZW-MA
ZW,169,ZW-MC
ZW,169,ZW-ME
ZW,169,ZW-MI
ZW,169,ZW-MN
ZW,169,ZW-MS
ZW,169,ZW-MV
ZW,169,ZW-MW
